timestamp,temperature,pressure,vibration,temperature_change,pressure_change,vibration_change,date,time,day_of_week,day_of_week_number,hour,status
2026-01-01 08:00:00,65.60943415950887,5.272772445962782,0.34703586769870337,,,,2026-01-01,08:00:00,Thursday,3,8,Normal
2026-01-01 08:01:00,62.92003178751901,5.179036996394337,0.31353565318131693,-2.689402371989857,-0.09373544956844526,-0.03350021451738644,2026-01-01,08:01:00,Thursday,3,8,Normal
2026-01-01 08:02:00,66.50090239161291,4.856103953343042,0.32927634670820705,3.580870604093903,-0.3229330430512949,0.015740693526890115,2026-01-01,08:02:00,Thursday,3,8,Normal
2026-01-01 08:03:00,66.88112943278243,4.699499308791821,0.38169551888668707,0.380227041169519,-0.15660464455122103,0.05241917217848002,2026-01-01,08:03:00,Thursday,3,8,Normal
2026-01-01 08:04:00,61.09792962269233,4.407094232431669,0.35014966455999774,-5.783199810090103,-0.29240507636015156,-0.03154585432668933,2026-01-01,08:04:00,Thursday,3,8,Normal
2026-01-01 08:05:00,62.39564098627537,4.891300898413473,0.36701049884341685,1.2977113635830406,0.4842066659818034,0.016860834283419113,2026-01-01,08:05:00,Thursday,3,8,Normal
2026-01-01 08:06:00,65.25568080633457,5.484083002449481,0.38350396211010945,2.8600398200591997,0.592782104036008,0.0164934632666926,2026-01-01,08:06:00,Thursday,3,8,Normal
2026-01-01 08:07:00,64.36751481531283,5.08697685429273,0.3312579268551195,-0.8881659910217365,-0.3971061481567508,-0.05224603525498994,2026-01-01,08:07:00,Thursday,3,8,Normal
2026-01-01 08:08:00,64.96639768499142,4.888085542790102,0.38781240818149026,0.5988828696785902,-0.19889131150262784,0.056554481326370754,2026-01-01,08:08:00,Thursday,3,8,Normal
2026-01-01 08:09:00,63.29391214485284,5.093016041900062,0.3689421301729197,-1.672485540138581,0.20493049910995964,-0.01887027800857055,2026-01-01,08:09:00,Thursday,3,8,Normal
2026-01-01 08:10:00,66.75879594972565,4.687808329401111,0.288259345654426,3.4648838048728123,-0.4052077124989504,-0.0806827845184937,2026-01-01,08:10:00,Thursday,3,8,Normal
2026-01-01 08:11:00,66.5555838708579,4.940535327460473,0.4221152395593122,-0.20321207886775028,0.2527269980593614,0.13385589390488617,2026-01-01,08:11:00,Thursday,3,8,Normal
2026-01-01 08:12:00,65.13206139512243,5.019895494603148,0.3249627628121542,-1.4235224757354672,0.07936016714267513,-0.09715247674715799,2026-01-01,08:12:00,Thursday,3,8,Normal
2026-01-01 08:13:00,67.25448241393606,4.98277986963579,0.26724523284074075,2.1224210188136254,-0.037115624967357874,-0.05771752997141344,2026-01-01,08:13:00,Thursday,3,8,Normal
2026-01-01 08:14:00,65.93501868450409,5.158161224338016,0.2977478145206849,-1.3194637294319733,0.1753813547022265,0.03050258167994413,2026-01-01,08:14:00,Thursday,3,8,Normal
2026-01-01 08:15:00,63.28141507423352,5.06892904524721,0.29894774196608387,-2.653603610270565,-0.08923217909080616,0.001199927445398985,2026-01-01,08:15:00,Thursday,3,8,Normal
2026-01-01 08:16:00,65.737501568165,5.133665203621599,0.35260866593287665,2.4560864939314797,0.06473615837438906,0.053660923966792784,2026-01-01,08:16:00,Thursday,3,8,Normal
2026-01-01 08:17:00,63.082234798342,4.862325543553848,0.3363074747226881,-2.655266769823001,-0.2713396600677509,-0.016301191210188526,2026-01-01,08:17:00,Thursday,3,8,Normal
2026-01-01 08:18:00,66.75690060261455,5.17956308168211,0.33315840161797033,3.67466580427255,0.3172375381282615,-0.0031490731047177922,2026-01-01,08:18:00,Thursday,3,8,Normal
2026-01-01 08:19:00,64.9001481780275,5.325787389524798,0.3809850982741239,-1.8567524245870572,0.14622430784268836,0.04782669665615358,2026-01-01,08:19:00,Thursday,3,8,Normal
2026-01-01 08:20:00,64.63027527290947,4.805970096069718,0.3669937680596352,-0.26987290511802087,-0.5198172934550804,-0.013991330214488729,2026-01-01,08:20:00,Thursday,3,8,Normal
2026-01-01 08:21:00,63.63814091119212,4.822460868857088,0.3658023935322143,-0.9921343617173548,0.01649077278737021,-0.0011913745274209075,2026-01-01,08:21:00,Thursday,3,8,Normal
2026-01-01 08:22:00,67.44508267734805,5.267156867264046,0.3704914228664346,3.806941766155937,0.4446959984069583,0.004689029334220329,2026-01-01,08:22:00,Thursday,3,8,Normal
2026-01-01 08:23:00,64.6909410358624,4.961731202660988,0.3808067334001119,-2.75414164148566,-0.3054256646030584,0.010315310533677291,2026-01-01,08:23:00,Thursday,3,8,Normal
2026-01-01 08:24:00,64.14334435567379,5.2807642784133115,0.24460233291112782,-0.5475966801886045,0.31903307575232365,-0.13620440048898408,2026-01-01,08:24:00,Thursday,3,8,Normal
2026-01-01 08:25:00,64.29573289902353,4.911492857621563,0.33177808738677694,0.15238854334974405,-0.36927142079174846,0.08717575447564913,2026-01-01,08:25:00,Thursday,3,8,Normal
2026-01-01 08:26:00,66.0646183711067,5.291009115254142,0.24098949677552628,1.76888547208317,0.379516257632579,-0.09078859061125066,2026-01-01,08:26:00,Thursday,3,8,Normal
2026-01-01 08:27:00,65.73088812872815,5.0262971633610904,0.35180299633988976,-0.3337302423785502,-0.26471195189305163,0.11081349956436348,2026-01-01,08:27:00,Thursday,3,8,Normal
2026-01-01 08:28:00,65.82546522319198,5.051645764664539,0.3497683513887827,0.09457709446382978,0.02534860130344896,-0.0020346449511070563,2026-01-01,08:28:00,Thursday,3,8,Normal
2026-01-01 08:29:00,65.86164200601577,5.312943604333981,0.402276613739484,0.036176782823787335,0.2612978396694414,0.052508262350701274,2026-01-01,08:29:00,Thursday,3,8,Normal
2026-01-01 08:30:00,69.28329520174093,4.927645904511166,0.409381719636056,3.421653195725156,-0.38529769982281525,0.007105105896572039,2026-01-01,08:30:00,Thursday,3,8,Normal
2026-01-01 08:31:00,64.18716996723077,4.8117755808150084,0.36013875241261833,-5.096125234510154,-0.11587032369615713,-0.049242967223437684,2026-01-01,08:31:00,Thursday,3,8,Normal
2026-01-01 08:32:00,63.975514541856924,4.910287158394329,0.32498194613015496,-0.21165542537384852,0.09851157757932061,-0.03515680628246337,2026-01-01,08:32:00,Thursday,3,8,Normal
2026-01-01 08:33:00,63.37245454350425,5.090466790128628,0.37425805562728687,-0.603059998352677,0.18017963173429852,0.049276109497131904,2026-01-01,08:33:00,Thursday,3,8,Normal
2026-01-01 08:34:00,66.23195884515098,4.686848185563897,0.3236041181337843,2.859504301646737,-0.40361860456473053,-0.050653937493502554,2026-01-01,08:34:00,Thursday,3,8,Normal
2026-01-01 08:35:00,67.25794458544178,5.127494180530224,0.3499303674278325,1.0259857402907926,0.44064599496632706,0.0263262492940482,2026-01-01,08:35:00,Thursday,3,8,Normal
2026-01-01 08:36:00,64.77210508469025,4.892245736476451,0.3993068158480384,-2.485839500751524,-0.23524844405377277,0.04937644842020589,2026-01-01,08:36:00,Thursday,3,8,Normal
2026-01-01 08:37:00,63.31968704607495,5.229562532146713,0.3221114327005288,-1.4524180386153063,0.3373167956702616,-0.07719538314750962,2026-01-01,08:37:00,Thursday,3,8,Normal
2026-01-01 08:38:00,63.35103756861752,4.521147939019905,0.390283931962125,0.03135052254257431,-0.7084145931268075,0.06817249926159624,2026-01-01,08:38:00,Thursday,3,8,Normal
2026-01-01 08:39:00,66.3011855756494,4.842686844979166,0.3838700684346151,2.9501480070318777,0.3215389059592608,-0.006413863527509944,2026-01-01,08:39:00,Thursday,3,8,Normal
2026-01-01 08:40:00,66.48650834240688,4.662706369753179,0.3022604091434589,0.18532276675747994,-0.17998047522598704,-0.08160965929115616,2026-01-01,08:40:00,Thursday,3,8,Normal
2026-01-01 08:41:00,66.08630853661039,4.8347541067272095,0.39869470641087,-0.4001998057964897,0.1720477369740303,0.0964342972674111,2026-01-01,08:41:00,Thursday,3,8,Normal
2026-01-01 08:42:00,63.66898058542261,5.049533180221789,0.38492831726857524,-2.4173279511877794,0.21477907349457936,-0.013766389142294777,2026-01-01,08:42:00,Thursday,3,8,Normal
2026-01-01 08:43:00,65.46432264613344,4.964154674910049,0.3550962943686328,1.79534206071083,-0.08537850531173952,-0.029832022899942412,2026-01-01,08:43:00,Thursday,3,8,Normal
2026-01-01 08:44:00,65.23337161828145,4.949324486210397,0.3118838270986174,-0.23095102785198662,-0.014830188699652247,-0.04321246727001543,2026-01-01,08:44:00,Thursday,3,8,Normal
2026-01-01 08:45:00,65.43737719345802,4.968163025723988,0.3070396990712215,0.20400557517656637,0.018838539513590824,-0.004844128027395922,2026-01-01,08:45:00,Thursday,3,8,Normal
2026-01-01 08:46:00,66.74285755589638,5.040677648123989,0.3231168711548489,1.3054803624383595,0.07251462240000084,0.01607717208362741,2026-01-01,08:46:00,Thursday,3,8,Normal
2026-01-01 08:47:00,65.44719109754936,4.798292791611378,0.377129723164598,-1.2956664583470143,-0.24238485651261055,0.05401285200974909,2026-01-01,08:47:00,Thursday,3,8,Normal
2026-01-01 08:48:00,66.35782712614379,5.14136992817981,0.30221874162993007,0.9106360285944248,0.3430771365684322,-0.07491098153466791,2026-01-01,08:48:00,Thursday,3,8,Normal
2026-01-01 08:49:00,65.13515813897779,5.132533194077097,0.3718756124309935,-1.2226689871660028,-0.00883673410271335,0.06965687080106342,2026-01-01,08:49:00,Thursday,3,8,Normal
2026-01-01 08:50:00,65.57823879737997,5.07700758753122,0.28791222355608037,0.4430806584021809,-0.055525606545876904,-0.08396338887491311,2026-01-01,08:50:00,Thursday,3,8,Normal
2026-01-01 08:51:00,66.26257645167708,5.111306688550252,0.3397965707780575,0.68433765429711,0.03429910101903211,0.051884347221977156,2026-01-01,08:51:00,Thursday,3,8,Normal
2026-01-01 08:52:00,62.085688360288664,5.059283600161732,0.3554823877287004,-4.176888091388413,-0.052023088388520655,0.01568581695064286,2026-01-01,08:52:00,Thursday,3,8,Normal
2026-01-01 08:53:00,64.3606575672854,5.4070146605462135,0.4722565072529458,2.2749692069967367,0.34773106038448187,0.11677411952424543,2026-01-01,08:53:00,Thursday,3,8,Normal
2026-01-01 08:54:00,64.05925469141441,4.982581165789498,0.2811342172239816,-0.30140287587099124,-0.4244334947567152,-0.19112229002896425,2026-01-01,08:54:00,Thursday,3,8,Normal
2026-01-01 08:55:00,63.722244303513314,4.938583356333084,0.4236007283245067,-0.3370103879010955,-0.04399780945641396,0.1424665111005251,2026-01-01,08:55:00,Thursday,3,8,Normal
2026-01-01 08:56:00,64.44971549754663,4.849294483928524,0.357492120699364,0.7274711940333205,-0.08928887240455996,-0.0661086076251427,2026-01-01,08:56:00,Thursday,3,8,Normal
2026-01-01 08:57:00,67.9898826224688,4.793547465884433,0.37055859590079815,3.5401671249221636,-0.05574701804409177,0.013066475201434169,2026-01-01,08:57:00,Thursday,3,8,Normal
2026-01-01 08:58:00,63.26833776861351,4.751105642479785,0.3559173956694102,-4.721544853855285,-0.04244182340464775,-0.01464120023138793,2026-01-01,08:58:00,Thursday,3,8,Normal
2026-01-01 08:59:00,66.93655670918297,4.822240537353816,0.37223634090976165,3.668218940569453,0.07113489487403157,0.016318945240351435,2026-01-01,08:59:00,Thursday,3,8,Normal
2026-01-01 09:00:00,61.63426045676839,4.985863923669585,0.3423157447818991,-5.302296252414578,0.163623386315769,-0.029920596127862575,2026-01-01,09:00:00,Thursday,3,9,Normal
2026-01-01 09:01:00,64.33022994002845,5.066859025699543,0.4227025090728729,2.6959694832600576,0.08099510202995752,0.0803867642909738,2026-01-01,09:01:00,Thursday,3,9,Normal
2026-01-01 09:02:00,65.32550613021002,5.0102284117104325,0.32717644278876384,0.9952761901815705,-0.0566306139891104,-0.09552606628410903,2026-01-01,09:02:00,Thursday,3,9,Normal
2026-01-01 09:03:00,66.17244466271856,4.846892944514058,0.4066117286089624,0.8469385325085454,-0.16333546719637493,0.07943528582019854,2026-01-01,09:03:00,Thursday,3,9,Normal
2026-01-01 09:04:00,66.42245315958571,5.180036912803993,0.3177816439893488,0.250008496867153,0.3331439682899351,-0.08883008461961356,2026-01-01,09:04:00,Thursday,3,9,Normal
2026-01-01 09:05:00,66.58669447039985,5.147882534460189,0.34698740767993563,0.16424131081413407,-0.032154378343803636,0.029205763690586806,2026-01-01,09:05:00,Thursday,3,9,Normal
2026-01-01 09:06:00,64.30254985550313,4.968070338515597,0.296401872385489,-2.284144614896718,-0.1798121959445922,-0.05058553529444665,2026-01-01,09:06:00,Thursday,3,9,Normal
2026-01-01 09:07:00,64.07529641467086,4.8694167710670575,0.372751186017376,-0.22725344083227128,-0.09865356744853937,0.07634931363188702,2026-01-01,09:07:00,Thursday,3,9,Normal
2026-01-01 09:08:00,66.71595176251431,5.10968558416596,0.4222562978463267,2.640655347843449,0.24026881309890236,0.049505111828950676,2026-01-01,09:08:00,Thursday,3,9,Normal
2026-01-01 09:09:00,64.61739135023677,5.037594717497221,0.34613219100895726,-2.0985604122775356,-0.07209086666873876,-0.07612410683736942,2026-01-01,09:09:00,Thursday,3,9,Normal
2026-01-01 09:10:00,62.448627353324156,4.710374548116991,0.3401557150648045,-2.1687639969126167,-0.32722016938023035,-0.005976475944152737,2026-01-01,09:10:00,Thursday,3,9,Normal
2026-01-01 09:11:00,62.73342557199304,4.986403948803119,0.2942691518466036,0.28479821866888244,0.27602940068612813,-0.04588656321820089,2026-01-01,09:11:00,Thursday,3,9,Normal
2026-01-01 09:12:00,63.16109542799678,5.052407162414876,0.3385353673223846,0.42766985600373886,0.06600321361175698,0.04426621547578097,2026-01-01,09:12:00,Thursday,3,9,Normal
2026-01-01 09:13:00,65.99432148810753,4.8200610427024495,0.27036028701392356,2.8332260601107535,-0.23234611971242636,-0.06817508030846103,2026-01-01,09:13:00,Thursday,3,9,Normal
2026-01-01 09:14:00,65.28485147214113,5.037968678567489,0.3043561006640586,-0.7094700159664029,0.21790763586503914,0.03399581365013504,2026-01-01,09:14:00,Thursday,3,9,Normal
2026-01-01 09:15:00,66.38097070813554,4.709035502948442,0.36133930230545674,1.0961192359944079,-0.32893317561904656,0.05698320164139814,2026-01-01,09:15:00,Thursday,3,9,Normal
2026-01-01 09:16:00,64.14549470732693,5.267237220002434,0.4159506598870698,-2.235476000808603,0.5582017170539917,0.05461135758161306,2026-01-01,09:16:00,Thursday,3,9,Normal
2026-01-01 09:17:00,65.31707938215342,5.249589997011887,0.49046054306147513,1.1715846748264909,-0.017647222990547107,0.07450988317440532,2026-01-01,09:17:00,Thursday,3,9,Normal
2026-01-01 09:18:00,66.25118078793467,4.949496533139407,0.32067074574645493,0.9341014057812487,-0.3000934638724795,-0.1697897973150202,2026-01-01,09:18:00,Thursday,3,9,Normal
2026-01-01 09:19:00,64.38130692055952,5.072690867567815,0.421765007832272,-1.8698738673751478,0.12319433442840744,0.10109426208581707,2026-01-01,09:19:00,Thursday,3,9,Normal
2026-01-01 09:20:00,65.91355047511482,4.5180156068400255,0.36218762402008237,1.5322435545552935,-0.5546752607277892,-0.05957738381218963,2026-01-01,09:20:00,Thursday,3,9,Normal
2026-01-01 09:21:00,63.676148117866695,4.768730467946933,0.34243761766268116,-2.237402357248122,0.2507148611069079,-0.019750006357401206,2026-01-01,09:21:00,Thursday,3,9,Normal
2026-01-01 09:22:00,64.27389230686985,4.941244215969574,0.3716297225863076,0.5977441890031585,0.17251374802264063,0.02919210492362645,2026-01-01,09:22:00,Thursday,3,9,Normal
2026-01-01 09:23:00,64.23652421200335,4.7855733957146285,0.35309582418399793,-0.03736809486650827,-0.1556708202549455,-0.01853389840230968,2026-01-01,09:23:00,Thursday,3,9,Normal
2026-01-01 09:24:00,62.60832070882192,5.142879296526131,0.3555197862806109,-1.6282035031814246,0.35730590081150293,0.002423962096612997,2026-01-01,09:24:00,Thursday,3,9,Normal
2026-01-01 09:25:00,65.97394496157116,5.399459306149598,0.3295833418586665,3.3656242527492424,0.25658000962346694,-0.025936444421944427,2026-01-01,09:25:00,Thursday,3,9,Normal
2026-01-01 09:26:00,64.06119531959455,4.76467705611414,0.28009451701005744,-1.9127496419766175,-0.6347822500354585,-0.04948882484860906,2026-01-01,09:26:00,Thursday,3,9,Normal
2026-01-01 09:27:00,65.02498823745537,4.8325073191829615,0.2728187398738959,0.9637929178608289,0.06783026306882167,-0.007275777136161565,2026-01-01,09:27:00,Thursday,3,9,Normal
2026-01-01 09:28:00,65.96149331781182,5.047089673661986,0.3826622441640613,0.9365050803564401,0.21458235447902485,0.10984350429016543,2026-01-01,09:28:00,Thursday,3,9,Normal
2026-01-01 09:29:00,65.89306235205989,5.322223229699924,0.3361649954957143,-0.0684309657519293,0.27513355603793777,-0.04649724866834698,2026-01-01,09:29:00,Thursday,3,9,Normal
2026-01-01 09:30:00,66.33077021794557,4.755525137492019,0.32019555501719166,0.43770786588568455,-0.566698092207905,-0.015969440478522667,2026-01-01,09:30:00,Thursday,3,9,Normal
2026-01-01 09:31:00,64.80302903098115,5.0498072244613885,0.35042528133615763,-1.5277411869644197,0.2942820869693694,0.030229726318965977,2026-01-01,09:31:00,Thursday,3,9,Normal
2026-01-01 09:32:00,64.1534033759117,5.364259770162622,0.38974661264578137,-0.6496256550694568,0.3144525457012337,0.03932133130962373,2026-01-01,09:32:00,Thursday,3,9,Normal
2026-01-01 09:33:00,64.8405635781872,4.669648170364146,0.3590181971513199,0.687160202275507,-0.6946115997984759,-0.03072841549446148,2026-01-01,09:33:00,Thursday,3,9,Normal
2026-01-01 09:34:00,61.62533113208394,4.743786158630834,0.3171972531679516,-3.2152324461032578,0.0741379882666875,-0.041820943983368275,2026-01-01,09:34:00,Thursday,3,9,Normal
2026-01-01 09:35:00,62.10577505515383,4.915278678707832,0.4113146477824475,0.4804439230698847,0.1714925200769981,0.09411739461449586,2026-01-01,09:35:00,Thursday,3,9,Normal
2026-01-01 09:36:00,62.354600775291196,4.895882317428918,0.4289592751490816,0.24882572013736848,-0.019396361278913865,0.017644627366634136,2026-01-01,09:36:00,Thursday,3,9,Normal
2026-01-01 09:37:00,63.005506344797034,5.162520257550729,0.37472783276614263,0.6509055695058379,0.26663794012181086,-0.05423144238293898,2026-01-01,09:37:00,Thursday,3,9,Normal
2026-01-01 09:38:00,65.79954845344687,5.048331943964167,0.3986831755672045,2.7940421086498404,-0.11418831358656156,0.023955342801061874,2026-01-01,09:38:00,Thursday,3,9,Normal
2026-01-01 09:39:00,63.18904188927988,4.645007588071574,0.4120979998406905,-2.6105065641669967,-0.4033243558925932,0.013414824273486003,2026-01-01,09:39:00,Thursday,3,9,Normal
2026-01-01 09:40:00,64.24367489192122,5.103082080580162,0.40650496582022566,1.0546330026413386,0.45807449250858756,-0.005593034020464849,2026-01-01,09:40:00,Thursday,3,9,Normal
2026-01-01 09:41:00,67.59845659557213,4.88449222252887,0.38070495885563116,3.3547817036509144,-0.21858985805129194,-0.025800006964594502,2026-01-01,09:41:00,Thursday,3,9,Normal
2026-01-01 09:42:00,64.28747205787715,5.254889443388247,0.37991735235374413,-3.310984537694978,0.37039722085937754,-0.0007876065018870282,2026-01-01,09:42:00,Thursday,3,9,Normal
2026-01-01 09:43:00,66.47503113693418,4.874482492712616,0.37598302866732514,2.1875590790570243,-0.38040695067563135,-0.0039343236864189945,2026-01-01,09:43:00,Thursday,3,9,Normal
2026-01-01 09:44:00,63.132764639980245,4.8726769433795525,0.2951331162726478,-3.3422664969539326,-0.0018055493330635386,-0.08084991239467731,2026-01-01,09:44:00,Thursday,3,9,Normal
2026-01-01 09:45:00,64.58912488426473,5.108226322160906,0.3850361578429793,1.4563602442844896,0.23554937878135362,0.08990304157033147,2026-01-01,09:45:00,Thursday,3,9,Normal
2026-01-01 09:46:00,63.09995589017884,5.152585296467388,0.2822093014436723,-1.4891689940858939,0.04435897430648161,-0.102826856399307,2026-01-01,09:46:00,Thursday,3,9,Normal
2026-01-01 09:47:00,64.32193384819888,5.089619872787241,0.31027002724374725,1.221977958020041,-0.06296542368014713,0.02806072580007496,2026-01-01,09:47:00,Thursday,3,9,Normal
2026-01-01 09:48:00,66.6806162749148,4.662880536523039,0.4151782533904044,2.358682426715916,-0.4267393362642018,0.10490822614665712,2026-01-01,09:48:00,Thursday,3,9,Normal
2026-01-01 09:49:00,61.5453591536153,5.10760688798565,0.39201100813470985,-5.135257121299496,0.4447263514626112,-0.023167245255694524,2026-01-01,09:49:00,Thursday,3,9,Normal
2026-01-01 09:50:00,65.86884728709171,4.7931383896651205,0.4243699144842931,4.32348813347641,-0.3144684983205295,0.03235890634958327,2026-01-01,09:50:00,Thursday,3,9,Normal
2026-01-01 09:51:00,65.47547120466456,5.047055222317653,0.33641628081563535,-0.39337608242715305,0.25391683265253207,-0.08795363366865777,2026-01-01,09:51:00,Thursday,3,9,Normal
2026-01-01 09:52:00,63.811700088606415,4.715253112920188,0.2923875579361616,-1.6637711160581432,-0.331802109397465,-0.044028722879473736,2026-01-01,09:52:00,Thursday,3,9,Normal
2026-01-01 09:53:00,62.107884291223094,5.089264429508613,0.33797814014648286,-1.7038157973833208,0.3740113165884251,0.04559058221032125,2026-01-01,09:53:00,Thursday,3,9,Normal
2026-01-01 09:54:00,65.14425901542774,4.838680219138525,0.3551015648620287,3.0363747242046415,-0.2505842103700875,0.017123424715545843,2026-01-01,09:54:00,Thursday,3,9,Normal
2026-01-01 09:55:00,63.941014581872395,4.743473069947895,0.35394943581700045,-1.2032444335553407,-0.09520714919062989,-0.0011521290450282606,2026-01-01,09:55:00,Thursday,3,9,Normal
2026-01-01 09:56:00,65.4653524227094,5.14276402729648,0.4066840239378351,1.5243378408370063,0.399290957348585,0.05273458812083465,2026-01-01,09:56:00,Thursday,3,9,Normal
2026-01-01 09:57:00,65.04370429104688,5.04832890433535,0.3319364787498277,-0.421648131662522,-0.09443512296112999,-0.07474754518800741,2026-01-01,09:57:00,Thursday,3,9,Normal
2026-01-01 09:58:00,68.20355778264184,4.877204639721421,0.3676017235901462,3.1598534915949585,-0.1711242646139297,0.03566524484031852,2026-01-01,09:58:00,Thursday,3,9,Normal
2026-01-01 09:59:00,64.52128874505395,5.290235769804212,0.30056864252826965,-3.6822690375878864,0.4130311300827918,-0.06703308106187655,2026-01-01,09:59:00,Thursday,3,9,Normal
2026-01-01 10:00:00,62.95300501475627,4.9118695156860515,0.3725158639021906,-1.5682837302976793,-0.37836625411816094,0.07194722137392096,2026-01-01,10:00:00,Thursday,3,10,Normal
2026-01-01 10:01:00,65.35855126991264,5.006421534794187,0.3501554275092818,2.4055462551563664,0.09455201910813571,-0.0223604363929088,2026-01-01,10:01:00,Thursday,3,10,Normal
2026-01-01 10:02:00,65.43999336794353,5.05378268953572,0.3125093330857741,0.08144209803089097,0.04736115474153291,-0.03764609442350769,2026-01-01,10:02:00,Thursday,3,10,Normal
2026-01-01 10:03:00,67.71837515048087,4.876066813174277,0.3382085318912573,2.2783817825373376,-0.17771587636144304,0.025699198805483214,2026-01-01,10:03:00,Thursday,3,10,Normal
2026-01-01 10:04:00,66.67022249182915,5.094227258679986,0.3407912126742389,-1.0481526586517163,0.2181604455057089,0.0025826807829815723,2026-01-01,10:04:00,Thursday,3,10,Normal
2026-01-01 10:05:00,65.71374211829902,4.8933095305670555,0.33649224353314516,-0.9564803735301268,-0.2009177281129304,-0.004298969141093734,2026-01-01,10:05:00,Thursday,3,10,Normal
2026-01-01 10:06:00,67.92660578243913,4.917672335556758,0.43856706211338414,2.2128636641401016,0.024362804989702447,0.10207481858023898,2026-01-01,10:06:00,Thursday,3,10,Normal
2026-01-01 10:07:00,62.622473891354296,5.272528527960668,0.345077699884606,-5.304131891084829,0.3548561924039104,-0.09348936222877813,2026-01-01,10:07:00,Thursday,3,10,Normal
2026-01-01 10:08:00,63.7204969345005,4.791882789497514,0.3378051944911331,1.0980230431462061,-0.4806457384631546,-0.007272505393472906,2026-01-01,10:08:00,Thursday,3,10,Normal
2026-01-01 10:09:00,63.14684811718895,4.517443933814102,0.24512745211949288,-0.5736488173115504,-0.2744388556834121,-0.09267774237164023,2026-01-01,10:09:00,Thursday,3,10,Normal
2026-01-01 10:10:00,64.22038039368846,5.322187399002379,0.30528963240102613,1.073532276499506,0.8047434651882774,0.06016218028153325,2026-01-01,10:10:00,Thursday,3,10,Normal
2026-01-01 10:11:00,62.24662770488738,5.5098655905214,0.33684632877718235,-1.9737526888010777,0.1876781915190211,0.03155669637615621,2026-01-01,10:11:00,Thursday,3,10,Normal
2026-01-01 10:12:00,66.27030189362881,4.918946146910134,0.31570736619116785,4.023674188741431,-0.5909194436112664,-0.021138962586014498,2026-01-01,10:12:00,Thursday,3,10,Normal
2026-01-01 10:13:00,64.55555460580246,4.612632391875963,0.4190853796688898,-1.7147472878263557,-0.3063137550341706,0.10337801347772196,2026-01-01,10:13:00,Thursday,3,10,Normal
2026-01-01 10:14:00,62.05838741099468,4.937903204760811,0.34175311123018903,-2.4971671948077727,0.32527081288484805,-0.07733226843870078,2026-01-01,10:14:00,Thursday,3,10,Normal
2026-01-01 10:15:00,62.96884183758492,4.942755410031866,0.4144222124659126,0.9104544265902348,0.004852205271054899,0.07266910123572357,2026-01-01,10:15:00,Thursday,3,10,Normal
2026-01-01 10:16:00,65.62702769490039,4.962015231795548,0.3530852317025184,2.6581858573154733,0.019259821763681906,-0.06133698076339422,2026-01-01,10:16:00,Thursday,3,10,Normal
2026-01-01 10:17:00,66.67625313578876,4.77732239161563,0.3518613918210788,1.049225440888364,-0.18469284017991772,-0.0012238398814395923,2026-01-01,10:17:00,Thursday,3,10,Normal
2026-01-01 10:18:00,68.99346178338357,5.115912228495295,0.3455601776143749,2.3172086475948106,0.33858983687966493,-0.006301214206703876,2026-01-01,10:18:00,Thursday,3,10,Normal
2026-01-01 10:19:00,70.82772493201466,5.1049014750572175,0.35018981258107296,1.834263148631095,-0.011010753438077892,0.0046296349666980485,2026-01-01,10:19:00,Thursday,3,10,Normal
2026-01-01 10:20:00,65.828818866552,4.701118876036139,0.435939750152493,-4.998906065462663,-0.4037825990210786,0.08574993757142002,2026-01-01,10:20:00,Thursday,3,10,Normal
2026-01-01 10:21:00,63.020923759936274,5.139839346338977,0.23401946366243906,-2.8078951066157245,0.43872047030283845,-0.20192028649005392,2026-01-01,10:21:00,Thursday,3,10,Normal
2026-01-01 10:22:00,60.73590743853738,5.410536996389178,0.24992271277806605,-2.285016321398892,0.2706976500502005,0.01590324911562699,2026-01-01,10:22:00,Thursday,3,10,Normal
2026-01-01 10:23:00,65.53542292468767,5.0343920664874116,0.3228414584471943,4.799515486150284,-0.3761449299017663,0.07291874566912826,2026-01-01,10:23:00,Thursday,3,10,Normal
2026-01-01 10:24:00,63.37411780937935,4.932534967586299,0.35072639409687845,-2.1613051153083163,-0.10185709890111294,0.02788493564968414,2026-01-01,10:24:00,Thursday,3,10,Normal
2026-01-01 10:25:00,64.16928547964064,4.971599357118496,0.3845052212382006,0.7951676702612858,0.039064389532197374,0.03377882714132213,2026-01-01,10:25:00,Thursday,3,10,Normal
2026-01-01 10:26:00,63.77580640188038,5.123051353393712,0.37365435990137374,-0.39347907776025437,0.15145199627521588,-0.010850861336826834,2026-01-01,10:26:00,Thursday,3,10,Normal
2026-01-01 10:27:00,64.71841822716723,4.653865678898557,0.3307877043559715,0.9426118252868534,-0.46918567449515525,-0.042866655545402255,2026-01-01,10:27:00,Thursday,3,10,Normal
2026-01-01 10:28:00,67.13196046157529,5.032878140595461,0.4009521846620881,2.4135422344080553,0.37901246169690417,0.0701644803061166,2026-01-01,10:28:00,Thursday,3,10,Normal
2026-01-01 10:29:00,65.31409713489069,4.921907210107438,0.40150977015763656,-1.817863326684602,-0.11097093048802265,0.0005575854955484627,2026-01-01,10:29:00,Thursday,3,10,Normal
2026-01-01 10:30:00,64.68273032592262,5.369565002591209,0.35920289156357826,-0.6313668089680675,0.4476577924837706,-0.042306878594058295,2026-01-01,10:30:00,Thursday,3,10,Normal
2026-01-01 10:31:00,62.928692494348375,4.965165453239009,0.39813287862434205,-1.7540378315742444,-0.4043995493521999,0.03892998706076378,2026-01-01,10:31:00,Thursday,3,10,Normal
2026-01-01 10:32:00,61.650634110591284,5.333577522223904,0.3636322631716064,-1.2780583837570916,0.3684120689848953,-0.03450061545273564,2026-01-01,10:32:00,Thursday,3,10,Normal
2026-01-01 10:33:00,64.02738418185334,4.7792518604435985,0.3219258486608558,2.3767500712620517,-0.5543256617803056,-0.04170641451075063,2026-01-01,10:33:00,Thursday,3,10,Normal
2026-01-01 10:34:00,64.89243489836336,5.117451833360558,0.38489084195000023,0.8650507165100265,0.3381999729169598,0.06296499328914446,2026-01-01,10:34:00,Thursday,3,10,Normal
2026-01-01 10:35:00,68.53585982715977,5.063880052758246,0.35553065612893386,3.6434249287964064,-0.05357178060231238,-0.029360185821066365,2026-01-01,10:35:00,Thursday,3,10,Normal
2026-01-01 10:36:00,65.26054904294577,4.826190550427044,0.3500669923377243,-3.2753107842139997,-0.237689502331202,-0.00546366379120955,2026-01-01,10:36:00,Thursday,3,10,Normal
2026-01-01 10:37:00,66.96547902204611,5.035479222927388,0.4236476786094787,1.704929979100342,0.20928867250034422,0.0735806862717544,2026-01-01,10:37:00,Thursday,3,10,Normal
2026-01-01 10:38:00,64.0014088029217,5.24250376736632,0.22745639357299563,-2.964070219124409,0.2070245444389318,-0.1961912850364831,2026-01-01,10:38:00,Thursday,3,10,Normal
2026-01-01 10:39:00,62.63011246716595,4.9352416591426795,0.2791157914920215,-1.3712963357557513,-0.3072621082236404,0.05165939791902585,2026-01-01,10:39:00,Thursday,3,10,Normal
2026-01-01 10:40:00,63.06976647553525,4.6616074701660475,0.29064647868128146,0.4396540083693026,-0.27363418897663205,0.01153068718925998,2026-01-01,10:40:00,Thursday,3,10,Normal
2026-01-01 10:41:00,63.54954787092849,4.996487434704511,0.3318369676215597,0.47978139539323905,0.33487996453846325,0.041190488940278214,2026-01-01,10:41:00,Thursday,3,10,Normal
2026-01-01 10:42:00,69.25693946487033,4.819515381041498,0.3372695915116985,5.707391593941836,-0.17697205366301283,0.005432623890138821,2026-01-01,10:42:00,Thursday,3,10,Normal
2026-01-01 10:43:00,63.35722664155123,4.931531812267224,0.2746337176113476,-5.899712823319099,0.11201643122572591,-0.06263587390035091,2026-01-01,10:43:00,Thursday,3,10,Normal
2026-01-01 10:44:00,66.67697840747269,4.983682446062976,0.30074209838445864,3.3197517659214597,0.05215063379575202,0.026108380773111062,2026-01-01,10:44:00,Thursday,3,10,Normal
2026-01-01 10:45:00,63.19414564382595,4.658869556796897,0.30695791607382145,-3.4828327636467407,-0.3248128892660791,0.0062158176893628014,2026-01-01,10:45:00,Thursday,3,10,Normal
2026-01-01 10:46:00,66.86314602574849,4.676868332135864,0.47287120460379456,3.669000381922544,0.017998775338967654,0.1659132885299731,2026-01-01,10:46:00,Thursday,3,10,Normal
2026-01-01 10:47:00,65.76990193221172,5.0964133671051055,0.4400870973873573,-1.093244093536768,0.4195450349692411,-0.032784107216437264,2026-01-01,10:47:00,Thursday,3,10,Normal
2026-01-01 10:48:00,64.68672420468381,4.895456260766064,0.3294125291157675,-1.0831777275279109,-0.2009571063390414,-0.11067456827158978,2026-01-01,10:48:00,Thursday,3,10,Normal
2026-01-01 10:49:00,64.91847494772914,4.487051131635886,0.33182083548466,0.23175074304532473,-0.4084051291301778,0.002408306368892499,2026-01-01,10:49:00,Thursday,3,10,Normal
2026-01-01 10:50:00,63.69042460914122,5.156968807321627,0.2925398001405853,-1.22805033858792,0.669917675685741,-0.03928103534407473,2026-01-01,10:50:00,Thursday,3,10,Normal
2026-01-01 10:51:00,65.89214440296416,5.054473951054848,0.25459347933873666,2.201719793822946,-0.10249485626677934,-0.03794632080184862,2026-01-01,10:51:00,Thursday,3,10,Normal
2026-01-01 10:52:00,64.09003303931844,4.8572250351927035,0.34415599067957375,-1.8021113636457216,-0.19724891586214444,0.08956251134083709,2026-01-01,10:52:00,Thursday,3,10,Normal
2026-01-01 10:53:00,62.5487884724655,4.736633957788352,0.3001074008377987,-1.5412445668529386,-0.12059107740435149,-0.044048589841775065,2026-01-01,10:53:00,Thursday,3,10,Normal
2026-01-01 10:54:00,62.44412485136076,5.167161579262867,0.3457574734168995,-0.10466362110474137,0.43052762147451507,0.04565007257910081,2026-01-01,10:54:00,Thursday,3,10,Normal
2026-01-01 10:55:00,65.34517583544424,5.069870124512086,0.2699897075478261,2.9010509840834757,-0.09729145475078127,-0.07576776586907341,2026-01-01,10:55:00,Thursday,3,10,Normal
2026-01-01 10:56:00,68.15818251282087,5.476520456536814,0.3119012770844871,2.8130066773766345,0.40665033202472856,0.04191156953666103,2026-01-01,10:56:00,Thursday,3,10,Normal
2026-01-01 10:57:00,65.31998322714688,5.0840377197449875,0.35743135476514154,-2.838199285673994,-0.3924827367918269,0.045530077680654424,2026-01-01,10:57:00,Thursday,3,10,Normal
2026-01-01 10:58:00,64.76272334778024,5.077540628252403,0.36831047988919685,-0.5572598793666401,-0.006497091492584595,0.010879125124055311,2026-01-01,10:58:00,Thursday,3,10,Normal
2026-01-01 10:59:00,65.57165227920508,4.966614413978287,0.37087359793710073,0.8089289314248447,-0.11092621427411586,0.0025631180479038784,2026-01-01,10:59:00,Thursday,3,10,Normal
2026-01-01 11:00:00,67.61200348341364,5.163355173440158,0.2839755507921481,2.0403512042085623,0.1967407594618713,-0.08689804714495264,2026-01-01,11:00:00,Thursday,3,11,Normal
2026-01-01 11:01:00,65.4387650027277,5.125017040249631,0.39273428650677805,-2.1732384806859386,-0.03833813319052748,0.10875873571462996,2026-01-01,11:01:00,Thursday,3,11,Normal
2026-01-01 11:02:00,64.17814553833253,5.250345001713039,0.30998941516990747,-1.2606194643951767,0.12532796146340797,-0.08274487133687058,2026-01-01,11:02:00,Thursday,3,11,Normal
2026-01-01 11:03:00,67.21257742011977,4.895735416272543,0.3816428957303653,3.034431881787242,-0.35460958544049603,0.07165348056045784,2026-01-01,11:03:00,Thursday,3,11,Normal
2026-01-01 11:04:00,65.85751287692322,4.9129185054112074,0.3494680661690903,-1.3550645431965478,0.01718308913866462,-0.03217482956127499,2026-01-01,11:04:00,Thursday,3,11,Normal
2026-01-01 11:05:00,68.07151198399198,4.904179365817604,0.2811806250461026,2.2139991070687586,-0.008739139593603618,-0.06828744112298774,2026-01-01,11:05:00,Thursday,3,11,Normal
2026-01-01 11:06:00,65.36646887444381,5.158160344235798,0.33419011477094057,-2.7050431095481713,0.2539809784181939,0.05300948972483799,2026-01-01,11:06:00,Thursday,3,11,Normal
2026-01-01 11:07:00,62.551061936559,5.2996748880593465,0.36826818710318837,-2.8154069378848092,0.14151454382354878,0.0340780723322478,2026-01-01,11:07:00,Thursday,3,11,Normal
2026-01-01 11:08:00,62.26368160150867,4.90823190137014,0.38064826902372995,-0.28738033505032945,-0.3914429866892064,0.012380081920541575,2026-01-01,11:08:00,Thursday,3,11,Normal
2026-01-01 11:09:00,68.3018558644625,4.915045254441382,0.34295060512777903,6.038174262953824,0.006813353071241757,-0.03769766389595092,2026-01-01,11:09:00,Thursday,3,11,Normal
2026-01-01 11:10:00,68.44733144156659,5.0628154447739595,0.42658894453005264,0.14547557710409365,0.14777019033257766,0.08363833940227361,2026-01-01,11:10:00,Thursday,3,11,Normal
2026-01-01 11:11:00,64.6409615734348,4.95084769999742,0.40037553854932795,-3.806369868131796,-0.11196774477653992,-0.02621340598072469,2026-01-01,11:11:00,Thursday,3,11,Normal
2026-01-01 11:12:00,64.23362535772803,5.190410730627978,0.33716729418001234,-0.4073362157067635,0.23956303063055806,-0.0632082443693156,2026-01-01,11:12:00,Thursday,3,11,Normal
2026-01-01 11:13:00,67.92288858448441,4.549644541876191,0.3875060906068472,3.689263226756381,-0.6407661887517868,0.050338796426834864,2026-01-01,11:13:00,Thursday,3,11,Normal
2026-01-01 11:14:00,62.785908635913025,4.834658990616621,0.4466896742594093,-5.136979948571387,0.28501444874043,0.0591835836525621,2026-01-01,11:14:00,Thursday,3,11,Normal
2026-01-01 11:15:00,63.21054596208835,4.843516733207711,0.4480242300391513,0.424637326175322,0.008857742591089846,0.0013345557797420082,2026-01-01,11:15:00,Thursday,3,11,Normal
2026-01-01 11:16:00,66.28665358937809,4.535928797522771,0.2886000059588751,3.076107627289744,-0.30758793568494003,-0.15942422408027623,2026-01-01,11:16:00,Thursday,3,11,Normal
2026-01-01 11:17:00,64.21078975428082,4.807272311126239,0.30367334444214245,-2.075863835097266,0.2713435136034681,0.015073338483267362,2026-01-01,11:17:00,Thursday,3,11,Normal
2026-01-01 11:18:00,64.98975626655985,4.816968776830815,0.4242459393366925,0.7789665122790268,0.009696465704576163,0.12057259489455008,2026-01-01,11:18:00,Thursday,3,11,Normal
2026-01-01 11:19:00,64.67311420295097,4.959779069096234,0.2970859474581181,-0.3166420636088816,0.14281029226541886,-0.1271599918785744,2026-01-01,11:19:00,Thursday,3,11,Normal
2026-01-01 11:20:00,65.67514909759787,5.222593178332053,0.283872943335416,1.002034894646897,0.26281410923581916,-0.013213004122702099,2026-01-01,11:20:00,Thursday,3,11,Normal
2026-01-01 11:21:00,67.81496372262744,4.9509878697618595,0.32569029346504763,2.1398146250295724,-0.2716053085701935,0.041817350129631614,2026-01-01,11:21:00,Thursday,3,11,Normal
2026-01-01 11:22:00,65.18116981380349,4.793837255945769,0.3710113354737293,-2.6337939088239466,-0.15715061381609008,0.045321042008681645,2026-01-01,11:22:00,Thursday,3,11,Normal
2026-01-01 11:23:00,66.28787758655372,4.9886090917572945,0.34488016466944516,1.1067077727502266,0.19477183581152513,-0.02613117080428412,2026-01-01,11:23:00,Thursday,3,11,Normal
2026-01-01 11:24:00,60.89965579793795,5.20983472428827,0.3174718189797204,-5.388221788615766,0.2212256325309756,-0.027408345689724778,2026-01-01,11:24:00,Thursday,3,11,Normal
2026-01-01 11:25:00,64.90256319613977,4.804808236777019,0.3162893769137745,4.002907398201813,-0.40502648751125125,-0.0011824420659458657,2026-01-01,11:25:00,Thursday,3,11,Normal
2026-01-01 11:26:00,63.31353945941426,4.817885023215711,0.3143831467793645,-1.5890237367255082,0.013076786438691812,-0.001906230134409992,2026-01-01,11:26:00,Thursday,3,11,Normal
2026-01-01 11:27:00,62.562373879152744,5.111709791854845,0.3060245185670528,-0.7511655802615138,0.2938247686391344,-0.008358628212311703,2026-01-01,11:27:00,Thursday,3,11,Normal
2026-01-01 11:28:00,63.243695266142495,4.95569277685384,0.4640816438638031,0.681321386989751,-0.15601701500100518,0.15805712529675026,2026-01-01,11:28:00,Thursday,3,11,Normal
2026-01-01 11:29:00,64.33175311859837,5.1294969381418944,0.3648755535592777,1.0880578524558757,0.17380416128805454,-0.09920609030452537,2026-01-01,11:29:00,Thursday,3,11,Normal
2026-01-01 11:30:00,66.83180508471203,4.997270641640941,0.3943379527202369,2.5000519661136593,-0.13222629650095374,0.02946239916095922,2026-01-01,11:30:00,Thursday,3,11,Normal
2026-01-01 11:31:00,62.34721456452087,5.1403327296179135,0.3255461265940538,-4.484590520191162,0.14306208797697284,-0.06879182612618312,2026-01-01,11:31:00,Thursday,3,11,Normal
2026-01-01 11:32:00,65.06126298518883,4.792984377191872,0.34070216614069754,2.7140484206679645,-0.34734835242604145,0.01515603954664374,2026-01-01,11:32:00,Thursday,3,11,Normal
2026-01-01 11:33:00,64.03166113333285,4.997583069842347,0.3143223009314822,-1.0296018518559862,0.2045986926504746,-0.026379865209215314,2026-01-01,11:33:00,Thursday,3,11,Normal
2026-01-01 11:34:00,64.34465381127607,4.9578619971273685,0.21741458325403987,0.31299267794322816,-0.039721072714978156,-0.09690771767744236,2026-01-01,11:34:00,Thursday,3,11,Normal
2026-01-01 11:35:00,67.00551565060921,4.7568218151791735,0.28109953615760663,2.660861839333137,-0.20104018194819506,0.06368495290356677,2026-01-01,11:35:00,Thursday,3,11,Normal
2026-01-01 11:36:00,66.07623087400785,4.687304410426262,0.25946906600098024,-0.9292847766013637,-0.06951740475291146,-0.02163047015662639,2026-01-01,11:36:00,Thursday,3,11,Normal
2026-01-01 11:37:00,67.67479621488549,5.137149807054932,0.23751081110241962,1.5985653408776415,0.4498453966286702,-0.021958254898560625,2026-01-01,11:37:00,Thursday,3,11,Normal
2026-01-01 11:38:00,64.6909886415002,4.929809523556404,0.2902320512850948,-2.983807573385292,-0.20734028349852807,0.05272124018267521,2026-01-01,11:38:00,Thursday,3,11,Normal
2026-01-01 11:39:00,63.608114776658596,4.795543943670534,0.4162477839690815,-1.082873864841602,-0.13426557988587007,0.1260157326839867,2026-01-01,11:39:00,Thursday,3,11,Normal
2026-01-01 11:40:00,64.552282366239,4.980764212615334,0.34777819161478224,0.9441675895804025,0.18522026894479993,-0.06846959235429928,2026-01-01,11:40:00,Thursday,3,11,Normal
2026-01-01 11:41:00,65.48499358254244,5.225603771469861,0.4145281881160587,0.9327112163034457,0.2448395588545269,0.06674999650127644,2026-01-01,11:41:00,Thursday,3,11,Normal
2026-01-01 11:42:00,65.35314671690742,4.543852430925615,0.37054912884504376,-0.13184686563502623,-0.6817513405442455,-0.04397905927101492,2026-01-01,11:42:00,Thursday,3,11,Normal
2026-01-01 11:43:00,62.83122385553327,4.700672262019335,0.38912794128575795,-2.5219228613741507,0.15681983109371966,0.018578812440714187,2026-01-01,11:43:00,Thursday,3,11,Normal
2026-01-01 11:44:00,65.18097956325575,4.815422711620947,0.3049551502347712,2.3497557077224798,0.11475044960161185,-0.08417279105098674,2026-01-01,11:44:00,Thursday,3,11,Normal
2026-01-01 11:45:00,65.45645666027781,5.292235773344066,0.37619754770963354,0.2754770970220619,0.476813061723119,0.07124239747486233,2026-01-01,11:45:00,Thursday,3,11,Normal
2026-01-01 11:46:00,70.03494807506785,5.0565173965838595,0.38643571170371727,4.578491414790037,-0.23571837676020646,0.010238163994083727,2026-01-01,11:46:00,Thursday,3,11,Normal
2026-01-01 11:47:00,68.75368922256334,5.153463448092245,0.32116763538831533,-1.2812588525045072,0.09694605150838598,-0.06526807631540193,2026-01-01,11:47:00,Thursday,3,11,Normal
2026-01-01 11:48:00,63.29351329888236,4.771967816174754,0.3779770185308083,-5.460175923680978,-0.3814956319174918,0.05680938314249295,2026-01-01,11:48:00,Thursday,3,11,Normal
2026-01-01 11:49:00,64.42523327690165,4.776092824945895,0.37830938792874164,1.1317199780192908,0.004125008771141303,0.00033236939793335196,2026-01-01,11:49:00,Thursday,3,11,Normal
2026-01-01 11:50:00,62.073115996325996,5.089562743344542,0.32252236894349584,-2.352117280575655,0.31346991839864735,-0.055787018985245795,2026-01-01,11:50:00,Thursday,3,11,Normal
2026-01-01 11:51:00,63.81858597207302,5.011654866187089,0.2938615783864502,1.745469975747028,-0.07790787715745306,-0.028660790557045623,2026-01-01,11:51:00,Thursday,3,11,Normal
2026-01-01 11:52:00,65.63121000718068,5.109747763772825,0.2907935834050864,1.8126240351076603,0.0980928975857358,-0.003067994981363842,2026-01-01,11:52:00,Thursday,3,11,Normal
2026-01-01 11:53:00,67.41170724177647,4.96246580181431,0.3543252770960731,1.780497234595785,-0.14728196195851506,0.06353169369098671,2026-01-01,11:53:00,Thursday,3,11,Normal
2026-01-01 11:54:00,63.54183232451278,5.055628745290925,0.36635049343946574,-3.8698749172636866,0.09316294347661547,0.012025216343392653,2026-01-01,11:54:00,Thursday,3,11,Normal
2026-01-01 11:55:00,63.691707119864404,5.031623816981022,0.31037370847710427,0.14987479535162151,-0.024004928309903306,-0.05597678496236147,2026-01-01,11:55:00,Thursday,3,11,Normal
2026-01-01 11:56:00,60.70542194052269,5.155553477816985,0.3513292670663049,-2.9862851793417136,0.12392966083596324,0.040955558589200636,2026-01-01,11:56:00,Thursday,3,11,Normal
2026-01-01 11:57:00,64.67466815891018,5.161401656388894,0.37852685180692425,3.9692462183874895,0.005848178571908669,0.02719758474061934,2026-01-01,11:57:00,Thursday,3,11,Normal
2026-01-01 11:58:00,62.87517117628087,4.676025601121646,0.380909535733265,-1.7994969826293072,-0.48537605526724814,0.0023826839263407784,2026-01-01,11:58:00,Thursday,3,11,Normal
2026-01-01 11:59:00,63.94112114526785,4.550546288931828,0.4275940060061244,1.0659499689869776,-0.12547931218981745,0.04668447027285938,2026-01-01,11:59:00,Thursday,3,11,Normal
2026-01-01 12:00:00,63.24627844366482,5.200349079530302,0.41384904160990216,-0.6948427016030294,0.6498027905984731,-0.013744964396222248,2026-01-01,12:00:00,Thursday,3,12,Normal
2026-01-01 12:01:00,64.81147489149488,5.237545018652387,0.2999354283621728,1.5651964478300613,0.03719593912208552,-0.11391361324772936,2026-01-01,12:01:00,Thursday,3,12,Normal
2026-01-01 12:02:00,61.484543217286735,4.795875396097332,0.4341793104769011,-3.326931674208147,-0.4416696225550547,0.13424388211472832,2026-01-01,12:02:00,Thursday,3,12,Normal
2026-01-01 12:03:00,62.06590950921802,4.628032918690875,0.32345117477221424,0.5813662919312819,-0.16784247740645775,-0.11072813570468687,2026-01-01,12:03:00,Thursday,3,12,Normal
2026-01-01 12:04:00,69.25849422405659,5.0198069642014405,0.40224364062272133,7.192584714838574,0.3917740455105658,0.07879246585050709,2026-01-01,12:04:00,Thursday,3,12,Normal
2026-01-01 12:05:00,62.42515483745194,5.186167645270106,0.3533993313025544,-6.833339386604649,0.16636068106866553,-0.04884430932016692,2026-01-01,12:05:00,Thursday,3,12,Normal
2026-01-01 12:06:00,62.80642884309072,5.359518904486863,0.3293925310771516,0.38127400563877956,0.17335125921675676,-0.024006800225402802,2026-01-01,12:06:00,Thursday,3,12,Normal
2026-01-01 12:07:00,68.67382705664262,5.10325951442029,0.2596151570112533,5.867398213551901,-0.25625939006657283,-0.06977737406589829,2026-01-01,12:07:00,Thursday,3,12,Normal
2026-01-01 12:08:00,70.81013433848081,4.925656660682861,0.3414217744891826,2.136307281838185,-0.17760285373742857,0.08180661747792928,2026-01-01,12:08:00,Thursday,3,12,Normal
2026-01-01 12:09:00,62.656866742349315,4.821373875683028,0.2720308382347195,-8.153267596131492,-0.10428278499983357,-0.06939093625446308,2026-01-01,12:09:00,Thursday,3,12,Normal
2026-01-01 12:10:00,64.26350208642394,5.002290258334131,0.3983649617921386,1.6066353440746255,0.18091638265110355,0.12633412355741908,2026-01-01,12:10:00,Thursday,3,12,Normal
2026-01-01 12:11:00,65.68311110188102,4.940147059222949,0.42583963285696236,1.419609015457084,-0.06214319911118249,0.027474671064823764,2026-01-01,12:11:00,Thursday,3,12,Normal
2026-01-01 12:12:00,68.45739528881118,4.796986418854237,0.31015445053516544,2.77428418693016,-0.1431606403687118,-0.11568518232179692,2026-01-01,12:12:00,Thursday,3,12,Normal
2026-01-01 12:13:00,63.026285843143526,5.4097511301726575,0.3650985371259635,-5.4311094456676585,0.6127647113184205,0.05494408659079808,2026-01-01,12:13:00,Thursday,3,12,Normal
2026-01-01 12:14:00,64.50944430811577,5.3570336804144265,0.3137304238996012,1.4831584649722487,-0.052717449758231005,-0.05136811322636231,2026-01-01,12:14:00,Thursday,3,12,Normal
2026-01-01 12:15:00,66.5546751521235,5.227209736711085,0.3185757634931605,2.045230844007719,-0.12982394370334127,0.004845339593559317,2026-01-01,12:15:00,Thursday,3,12,Normal
2026-01-01 12:16:00,65.86953214893323,4.8158299204381745,0.38872473519326856,-0.6851430031902623,-0.41137981627291076,0.07014897170010803,2026-01-01,12:16:00,Thursday,3,12,Normal
2026-01-01 12:17:00,64.2476878575398,5.171003864859456,0.34807308690782934,-1.6218442913934297,0.35517394442128136,-0.04065164828543921,2026-01-01,12:17:00,Thursday,3,12,Normal
2026-01-01 12:18:00,64.73235407096792,5.12792528189958,0.4369824020965506,0.4846662134281132,-0.04307858295987543,0.08890931518872125,2026-01-01,12:18:00,Thursday,3,12,Normal
2026-01-01 12:19:00,62.25020838326004,5.088509124840811,0.32588837606485394,-2.4821456877078774,-0.03941615705876966,-0.11109402603169666,2026-01-01,12:19:00,Thursday,3,12,Normal
2026-01-01 12:20:00,64.52365251205067,5.249933053408755,0.39996681662372446,2.2734441287906364,0.1614239285679444,0.07407844055887053,2026-01-01,12:20:00,Thursday,3,12,Normal
2026-01-01 12:21:00,64.4672250199821,5.127074228572256,0.3548706706478891,-0.056427492068579,-0.12285882483649946,-0.04509614597583539,2026-01-01,12:21:00,Thursday,3,12,Normal
2026-01-01 12:22:00,65.46433977925251,5.148002847260867,0.38978890048721165,0.997114759270417,0.020928618688611067,0.03491822983932258,2026-01-01,12:22:00,Thursday,3,12,Normal
2026-01-01 12:23:00,63.88934556236197,5.127381256674442,0.32764211713350266,-1.5749942168905449,-0.020621590586424432,-0.06214678335370899,2026-01-01,12:23:00,Thursday,3,12,Normal
2026-01-01 12:24:00,65.94307704509028,5.068158281600422,0.3475220581224208,2.0537314827283097,-0.059222975074020745,0.019879940988918154,2026-01-01,12:24:00,Thursday,3,12,Normal
2026-01-01 12:25:00,67.02543163563966,4.643277774057164,0.34422505603505327,1.0823545905493859,-0.424880507543258,-0.003297002087367551,2026-01-01,12:25:00,Thursday,3,12,Normal
2026-01-01 12:26:00,65.31085865533693,5.016724215482111,0.3081971442577106,-1.7145729803027336,0.37344644142494765,-0.03602791177734266,2026-01-01,12:26:00,Thursday,3,12,Normal
2026-01-01 12:27:00,65.70351281679841,4.888761608230175,0.38310407672908764,0.39265416146147913,-0.12796260725193598,0.07490693247137703,2026-01-01,12:27:00,Thursday,3,12,Normal
2026-01-01 12:28:00,65.10631069515574,4.744031808471996,0.38251245027891817,-0.5972021216426668,-0.14472979975817957,-0.000591626450169469,2026-01-01,12:28:00,Thursday,3,12,Normal
2026-01-01 12:29:00,65.00016878618283,5.336363323860165,0.37967773474527833,-0.10614190897291564,0.5923315153881692,-0.002834715533639842,2026-01-01,12:29:00,Thursday,3,12,Normal
2026-01-01 12:30:00,63.5568839329143,5.345799068177141,0.4268482826958822,-1.4432848532685227,0.009435744316975914,0.04717054795060388,2026-01-01,12:30:00,Thursday,3,12,Normal
2026-01-01 12:31:00,65.63298852334661,5.271844120059122,0.42246724006181513,2.0761045904323083,-0.0739549481180184,-0.004381042634067078,2026-01-01,12:31:00,Thursday,3,12,Normal
2026-01-01 12:32:00,64.80542680317302,5.051042683371175,0.33125276550754323,-0.8275617201735912,-0.22080143668794783,-0.0912144745542719,2026-01-01,12:32:00,Thursday,3,12,Normal
2026-01-01 12:33:00,69.18633661786119,5.2701250241905315,0.3686526159217089,4.380909814688167,0.21908234081935696,0.03739985041416566,2026-01-01,12:33:00,Thursday,3,12,Normal
2026-01-01 12:34:00,68.14670980495049,5.0024106361203655,0.31881996553708936,-1.0396268129106971,-0.267714388070166,-0.04983265038461954,2026-01-01,12:34:00,Thursday,3,12,Normal
2026-01-01 12:35:00,65.771693105113,5.040559455379556,0.3511677658057277,-2.375016699837488,0.03814881925919078,0.03234780026863837,2026-01-01,12:35:00,Thursday,3,12,Normal
2026-01-01 12:36:00,63.473885580610464,4.781305725907603,0.32001252754405674,-2.297807524502538,-0.25925372947195324,-0.031155238261670992,2026-01-01,12:36:00,Thursday,3,12,Normal
2026-01-01 12:37:00,62.775177056033165,5.079398260899768,0.43100351545680254,-0.6987085245772988,0.2980925349921648,0.11099098791274581,2026-01-01,12:37:00,Thursday,3,12,Normal
2026-01-01 12:38:00,67.38228590617773,5.012077185684883,0.3681849075171481,4.607108850144563,-0.06732107521488473,-0.06281860793965444,2026-01-01,12:38:00,Thursday,3,12,Normal
2026-01-01 12:39:00,65.52549845029428,4.739469576633107,0.33909854359477887,-1.856787455883449,-0.27260760905177595,-0.02908636392236924,2026-01-01,12:39:00,Thursday,3,12,Normal
2026-01-01 12:40:00,65.96028680678322,4.98976057763668,0.40968092859281885,0.4347883564889372,0.25029100100357304,0.07058238499803998,2026-01-01,12:40:00,Thursday,3,12,Normal
2026-01-01 12:41:00,61.51082802605161,4.984054087228638,0.2414692295102294,-4.449458780731604,-0.005706490408042164,-0.16821169908258946,2026-01-01,12:41:00,Thursday,3,12,Normal
2026-01-01 12:42:00,66.85487696311637,5.359512233328928,0.24929487025673547,5.3440489370647555,0.37545814610029016,0.007825640746506074,2026-01-01,12:42:00,Thursday,3,12,Normal
2026-01-01 12:43:00,65.90884067642872,5.178842665702682,0.38979193276098867,-0.9460362866876437,-0.18066956762624642,0.1404970625042532,2026-01-01,12:43:00,Thursday,3,12,Normal
2026-01-01 12:44:00,62.779138631171044,5.002289087818293,0.35302342240586837,-3.1297020452576803,-0.17655357788438852,-0.0367685103551203,2026-01-01,12:44:00,Thursday,3,12,Normal
2026-01-01 12:45:00,64.05695038510011,5.049757461960216,0.362522315013038,1.2778117539290648,0.047468374141923064,0.009498892607169629,2026-01-01,12:45:00,Thursday,3,12,Normal
2026-01-01 12:46:00,65.52743440871303,5.008842475620839,0.28368019483407253,1.4704840236129257,-0.04091498633937718,-0.07884212017896547,2026-01-01,12:46:00,Thursday,3,12,Normal
2026-01-01 12:47:00,65.10493359671248,4.95941720304089,0.34883831445748165,-0.4225008120005498,-0.04942527257994911,0.06515811962340912,2026-01-01,12:47:00,Thursday,3,12,Normal
2026-01-01 12:48:00,64.41565762839289,4.783514560522343,0.45017547052006707,-0.6892759683195919,-0.17590264251854748,0.10133715606258542,2026-01-01,12:48:00,Thursday,3,12,Normal
2026-01-01 12:49:00,64.79302346386808,4.969789624478614,0.3912099809897931,0.37736583547518876,0.18627506395627158,-0.05896548953027397,2026-01-01,12:49:00,Thursday,3,12,Normal
2026-01-01 12:50:00,64.49604524358622,4.850780348669497,0.3584853272571406,-0.29697822028185783,-0.11900927580911702,-0.03272465373265249,2026-01-01,12:50:00,Thursday,3,12,Normal
2026-01-01 12:51:00,65.30512502420494,4.749936892215371,0.3280473044947531,0.8090797806187169,-0.10084345645412629,-0.030438022762387495,2026-01-01,12:51:00,Thursday,3,12,Normal
2026-01-01 12:52:00,67.94298394598631,5.102244362909507,0.3302713574065303,2.6378589217813726,0.3523074706941358,0.0022240529117771857,2026-01-01,12:52:00,Thursday,3,12,Normal
2026-01-01 12:53:00,59.8666831181374,5.078252931986647,0.2435401055399991,-8.076300827848911,-0.023991430922859713,-0.08673125186653119,2026-01-01,12:53:00,Thursday,3,12,Normal
2026-01-01 12:54:00,64.52629947098063,4.6426584977263845,0.362882021046058,4.65961635284323,-0.43559443426026245,0.11934191550605888,2026-01-01,12:54:00,Thursday,3,12,Normal
2026-01-01 12:55:00,65.3530248427449,4.9754630725009745,0.39227415542409266,0.8267253717642689,0.33280457477459,0.029392134378034673,2026-01-01,12:55:00,Thursday,3,12,Normal
2026-01-01 12:56:00,65.5919879793742,5.199140277179985,0.2712190336414692,0.23896313662929458,0.2236772046790101,-0.12105512178262345,2026-01-01,12:56:00,Thursday,3,12,Normal
2026-01-01 12:57:00,64.25617083735742,5.211844747779264,0.31692915538465916,-1.3358171420167793,0.012704470599279816,0.045710121743189946,2026-01-01,12:57:00,Thursday,3,12,Normal
2026-01-01 12:58:00,61.486556435042836,5.205167368577047,0.29212676838832885,-2.7696144023145806,-0.006677379202217004,-0.024802386996330306,2026-01-01,12:58:00,Thursday,3,12,Normal
2026-01-01 12:59:00,65.65599096742822,5.007782641380292,0.3017324402595618,4.169434532385388,-0.1973847271967557,0.009605671871232957,2026-01-01,12:59:00,Thursday,3,12,Normal
2026-01-01 13:00:00,68.45470042832837,4.83099093440617,0.352674081341095,2.7987094609001417,-0.1767917069741216,0.05094164108153321,2026-01-01,13:00:00,Thursday,3,13,Normal
2026-01-01 13:01:00,61.932277190167724,4.783260234528388,0.24577989225057625,-6.522423238160641,-0.047730699877782,-0.10689418909051876,2026-01-01,13:01:00,Thursday,3,13,Normal
2026-01-01 13:02:00,66.72765602739638,5.068920980950072,0.3807135219178532,4.795378837228654,0.2856607464216836,0.13493362966727693,2026-01-01,13:02:00,Thursday,3,13,Normal
2026-01-01 13:03:00,64.34294955375421,5.075856006873033,0.3876927534966841,-2.3847064736421686,0.0069350259229610245,0.006979231578830902,2026-01-01,13:03:00,Thursday,3,13,Normal
2026-01-01 13:04:00,64.8773513083423,5.257466222321013,0.33744487059815437,0.5344017545880888,0.1816102154479804,-0.05024788289852972,2026-01-01,13:04:00,Thursday,3,13,Normal
2026-01-01 13:05:00,62.894202978592105,5.219995930068417,0.2259645745007729,-1.9831483297501933,-0.03747029225259624,-0.11148029609738147,2026-01-01,13:05:00,Thursday,3,13,Normal
2026-01-01 13:06:00,64.33108765528824,4.973554268693766,0.3001790686998805,1.4368846766961383,-0.24644166137465096,0.07421449419910758,2026-01-01,13:06:00,Thursday,3,13,Normal
2026-01-01 13:07:00,67.60008918939792,4.751158824227826,0.4116450967051348,3.2690015341096768,-0.22239544446594017,0.11146602800525435,2026-01-01,13:07:00,Thursday,3,13,Normal
2026-01-01 13:08:00,66.16531048397542,4.936178680597821,0.21110028596357136,-1.4347787054225023,0.18501985636999496,-0.20054481074156347,2026-01-01,13:08:00,Thursday,3,13,Normal
2026-01-01 13:09:00,68.4646232108199,5.043446238962105,0.33262382939032403,2.2993127268444766,0.10726755836428392,0.12152354342675267,2026-01-01,13:09:00,Thursday,3,13,Normal
2026-01-01 13:10:00,67.35482377795539,4.959583350922119,0.290999961076637,-1.1097994328645058,-0.08386288803998543,-0.04162386831368703,2026-01-01,13:10:00,Thursday,3,13,Normal
2026-01-01 13:11:00,65.87817335785915,4.884421178384469,0.39022851507924183,-1.4766504200962345,-0.07516217253765056,0.09922855400260483,2026-01-01,13:11:00,Thursday,3,13,Normal
2026-01-01 13:12:00,68.48786905233558,5.05057696299398,0.3162443023928269,2.6096956944764287,0.16615578460951141,-0.07398421268641492,2026-01-01,13:12:00,Thursday,3,13,Normal
2026-01-01 13:13:00,65.8779863174766,4.899208451717878,0.37019770103678057,-2.609882734858985,-0.15136851127610207,0.053953398643953654,2026-01-01,13:13:00,Thursday,3,13,Normal
2026-01-01 13:14:00,66.65597635359411,4.874386783254925,0.3782730209584546,0.7779900361175152,-0.02482166846295275,0.00807531992167404,2026-01-01,13:14:00,Thursday,3,13,Normal
2026-01-01 13:15:00,64.40685809293058,5.062290566860688,0.441811291986501,-2.2491182606635363,0.18790378360576288,0.06353827102804638,2026-01-01,13:15:00,Thursday,3,13,Normal
2026-01-01 13:16:00,65.13309163171841,4.919601483974159,0.3398529028162315,0.726233538787838,-0.14268908288652948,-0.1019583891702695,2026-01-01,13:16:00,Thursday,3,13,Normal
2026-01-01 13:17:00,63.60515235339945,5.04882087779567,0.36880221848113054,-1.5279392783189678,0.12921939382151137,0.028949315664899056,2026-01-01,13:17:00,Thursday,3,13,Normal
2026-01-01 13:18:00,66.97916786918971,5.0546408045704245,0.27574722604362817,3.374015515790262,0.005819926774754514,-0.09305499243750237,2026-01-01,13:18:00,Thursday,3,13,Normal
2026-01-01 13:19:00,62.64339275377027,4.772114199781685,0.4095206781646872,-4.3357751154194375,-0.2825266047887398,0.133773452121059,2026-01-01,13:19:00,Thursday,3,13,Normal
2026-01-01 13:20:00,66.56470068483532,4.903751775226918,0.3119745575964317,3.9213079310650443,0.13163757544523325,-0.09754612056825546,2026-01-01,13:20:00,Thursday,3,13,Normal
2026-01-01 13:21:00,64.61869788498969,5.287555387983293,0.3219622917956127,-1.9460027998456297,0.38380361275637487,0.009987734199180975,2026-01-01,13:21:00,Thursday,3,13,Normal
2026-01-01 13:22:00,67.34249418693464,4.767584097453143,0.34888761025753945,2.723796301944958,-0.5199712905301501,0.02692531846192675,2026-01-01,13:22:00,Thursday,3,13,Normal
2026-01-01 13:23:00,66.50173797746253,4.576669110205894,0.2718557827330075,-0.8407562094721186,-0.19091498724724865,-0.07703182752453197,2026-01-01,13:23:00,Thursday,3,13,Normal
2026-01-01 13:24:00,68.6412923152936,4.627630969351498,0.3614385014464469,2.139554337831072,0.05096185914560358,0.08958271871343942,2026-01-01,13:24:00,Thursday,3,13,Normal
2026-01-01 13:25:00,66.46154938227728,5.005821989315334,0.3983733136462505,-2.179742933016314,0.3781910199638361,0.0369348121998036,2026-01-01,13:25:00,Thursday,3,13,Normal
2026-01-01 13:26:00,61.855919488693516,5.00618345560654,0.36464669117486453,-4.605629893583767,0.0003614662912063693,-0.03372662247138597,2026-01-01,13:26:00,Thursday,3,13,Normal
2026-01-01 13:27:00,64.8660936542036,4.976477828914976,0.2705551217910637,3.0101741655100795,-0.02970562669156429,-0.09409156938380081,2026-01-01,13:27:00,Thursday,3,13,Normal
2026-01-01 13:28:00,62.65598561481037,5.2428379657857,0.343809535283517,-2.2101080393932264,0.26636013687072424,0.07325441349245326,2026-01-01,13:28:00,Thursday,3,13,Normal
2026-01-01 13:29:00,63.96344031526745,4.4654331133794125,0.3871014451489745,1.307454700457079,-0.7774048524062875,0.0432919098654575,2026-01-01,13:29:00,Thursday,3,13,Normal
2026-01-01 13:30:00,68.02245686655344,5.079186774886165,0.2561005617017046,4.059016551285993,0.6137536615067525,-0.1310008834472699,2026-01-01,13:30:00,Thursday,3,13,Normal
2026-01-01 13:31:00,66.27506762179539,5.312287640360715,0.2962616993091143,-1.747389244758054,0.2331008654745501,0.04016113760740969,2026-01-01,13:31:00,Thursday,3,13,Normal
2026-01-01 13:32:00,63.60213914284251,4.774443847021657,0.393827180204076,-2.672928478952876,-0.5378437933390581,0.0975654808949617,2026-01-01,13:32:00,Thursday,3,13,Normal
2026-01-01 13:33:00,62.9725652671192,4.924038697642021,0.3635047717098643,-0.6295738757233096,0.14959485062036393,-0.030322408494211694,2026-01-01,13:33:00,Thursday,3,13,Normal
2026-01-01 13:34:00,65.06556418575252,4.849421616554276,0.37059857910633764,2.09299891863332,-0.07461708108774534,0.007093807396473362,2026-01-01,13:34:00,Thursday,3,13,Normal
2026-01-01 13:35:00,62.566879701237745,4.821130790784494,0.4429747403811656,-2.4986844845147758,-0.02829082576978159,0.07237616127482793,2026-01-01,13:35:00,Thursday,3,13,Normal
2026-01-01 13:36:00,63.65771944520684,4.934747598995392,0.3734276389253101,1.0908397439690916,0.1136168082108977,-0.06954710145585546,2026-01-01,13:36:00,Thursday,3,13,Normal
2026-01-01 13:37:00,65.62401894310248,5.285497056736901,0.38289440052165896,1.9662994978956476,0.3507494577415091,0.00946676159634885,2026-01-01,13:37:00,Thursday,3,13,Normal
2026-01-01 13:38:00,67.31062407221339,5.3674773350975045,0.48553727636091626,1.6866051291109017,0.08198027836060362,0.1026428758392573,2026-01-01,13:38:00,Thursday,3,13,Normal
2026-01-01 13:39:00,66.21752294444887,4.932812154991971,0.3393097720954754,-1.0931011277645126,-0.4346651801055339,-0.14622750426544084,2026-01-01,13:39:00,Thursday,3,13,Normal
2026-01-01 13:40:00,60.4174209828038,5.381012042812894,0.31010586181907523,-5.800101961645076,0.44819988782092324,-0.02920391027640018,2026-01-01,13:40:00,Thursday,3,13,Normal
2026-01-01 13:41:00,65.60873345806051,5.007115295396925,0.37138981991235664,5.191312475256716,-0.37389674741596846,0.06128395809328141,2026-01-01,13:41:00,Thursday,3,13,Normal
2026-01-01 13:42:00,65.14406714646516,5.350738205340217,0.37194955146944475,-0.46466631159535154,0.34362290994329125,0.0005597315570881056,2026-01-01,13:42:00,Thursday,3,13,Normal
2026-01-01 13:43:00,65.82778057074539,4.9813402700693015,0.32366423040268955,0.6837134242802279,-0.36939793527091513,-0.048285321066755205,2026-01-01,13:43:00,Thursday,3,13,Normal
2026-01-01 13:44:00,68.23241936330241,5.026211565209229,0.2983801490222576,2.404638792557023,0.04487129513992727,-0.025284081380431922,2026-01-01,13:44:00,Thursday,3,13,Normal
2026-01-01 13:45:00,60.873523446390514,5.073094894528567,0.4654922211045039,-7.358895916911898,0.04688332931933825,0.16711207208224627,2026-01-01,13:45:00,Thursday,3,13,Normal
2026-01-01 13:46:00,63.81779314961779,5.635770735873507,0.3663421735194011,2.9442697032272775,0.56267584134494,-0.09915004758510276,2026-01-01,13:46:00,Thursday,3,13,Normal
2026-01-01 13:47:00,66.1818126455867,5.170257114968958,0.3133857309298962,2.364019495968911,-0.46551362090454873,-0.05295644258950494,2026-01-01,13:47:00,Thursday,3,13,Normal
2026-01-01 13:48:00,61.83681120109212,4.858547094009707,0.3957965151139799,-4.345001444494585,-0.31171002095925093,0.08241078418408371,2026-01-01,13:48:00,Thursday,3,13,Normal
2026-01-01 13:49:00,67.95189809610702,5.193799574055172,0.3445427424219333,6.1150868950148976,0.3352524800454644,-0.05125377269204662,2026-01-01,13:49:00,Thursday,3,13,Normal
2026-01-01 13:50:00,65.73671322540132,4.927633492583132,0.33735592768410844,-2.2151848707056985,-0.2661660814720399,-0.007186814737824843,2026-01-01,13:50:00,Thursday,3,13,Normal
2026-01-01 13:51:00,66.6931679716868,4.902049963419758,0.37811364359572464,0.9564547462854875,-0.025583529163373697,0.0407577159116162,2026-01-01,13:51:00,Thursday,3,13,Normal
2026-01-01 13:52:00,63.85811267695641,5.181720271978422,0.2854058865884155,-2.8350552947303953,0.27967030855866426,-0.09270775700730916,2026-01-01,13:52:00,Thursday,3,13,Normal
2026-01-01 13:53:00,66.62752737993242,5.006217117554231,0.3676313601958586,2.7694147029760074,-0.17550315442419162,0.08222547360744314,2026-01-01,13:53:00,Thursday,3,13,Normal
2026-01-01 13:54:00,67.13694311197807,5.055715182902361,0.4456477403865876,0.5094157320456532,0.04949806534813028,0.07801638019072898,2026-01-01,13:54:00,Thursday,3,13,Normal
2026-01-01 13:55:00,65.46575604027434,5.002797044373058,0.37330888310986554,-1.6711870717037272,-0.052918138529302716,-0.07233885727672207,2026-01-01,13:55:00,Thursday,3,13,Normal
2026-01-01 13:56:00,65.46880178539739,5.067316625321087,0.33118939481082676,0.0030457451230461174,0.06451958094802901,-0.042119488299038776,2026-01-01,13:56:00,Thursday,3,13,Normal
2026-01-01 13:57:00,65.54068647856346,5.084993179487229,0.3246447359785879,0.07188469316606927,0.01767655416614211,-0.00654465883223887,2026-01-01,13:57:00,Thursday,3,13,Normal
2026-01-01 13:58:00,63.273309470521234,4.612606613458917,0.3294830013327445,-2.2673770080422244,-0.4723865660283124,0.004838265354156601,2026-01-01,13:58:00,Thursday,3,13,Normal
2026-01-01 13:59:00,64.70494263951929,5.133314533721907,0.3373018660976109,1.4316331689980544,0.5207079202629901,0.007818864764866429,2026-01-01,13:59:00,Thursday,3,13,Normal
2026-01-01 14:00:00,64.69495493509528,4.8035961160339395,0.33110967336208635,-0.009987704424005983,-0.3297184176879675,-0.006192192735524571,2026-01-01,14:00:00,Thursday,3,14,Normal
2026-01-01 14:01:00,65.76678772870699,4.711540172888117,0.3958155720537283,1.071832793611705,-0.0920559431458221,0.06470589869164195,2026-01-01,14:01:00,Thursday,3,14,Normal
2026-01-01 14:02:00,66.99964849382059,4.988317751228264,0.2633395448395508,1.2328607651135997,0.2767775783401465,-0.1324760272141775,2026-01-01,14:02:00,Thursday,3,14,Normal
2026-01-01 14:03:00,62.88292783604318,5.016796200662891,0.3931000025206067,-4.116720657777407,0.028478449434627073,0.12976045768105587,2026-01-01,14:03:00,Thursday,3,14,Normal
2026-01-01 14:04:00,64.74998193936085,4.861298767085544,0.33101567374287194,1.8670541033176704,-0.1554974335773469,-0.06208432877773473,2026-01-01,14:04:00,Thursday,3,14,Normal
2026-01-01 14:05:00,67.96291109531795,5.166206371533595,0.36884738928476857,3.2129291559570987,0.30490760444805076,0.03783171554189663,2026-01-01,14:05:00,Thursday,3,14,Normal
2026-01-01 14:06:00,63.512823542374875,4.731564966725818,0.2936506044899568,-4.450087552943074,-0.4346414048077767,-0.07519678479481179,2026-01-01,14:06:00,Thursday,3,14,Normal
2026-01-01 14:07:00,63.35549996541936,4.918611250245489,0.4164315533424718,-0.15732357695551258,0.18704628351967045,0.122780948852515,2026-01-01,14:07:00,Thursday,3,14,Normal
2026-01-01 14:08:00,65.40461238366238,4.8830251730134,0.41228174800859363,2.04911241824302,-0.03558607723208862,-0.004149805333878154,2026-01-01,14:08:00,Thursday,3,14,Normal
2026-01-01 14:09:00,66.68877038097064,4.990682545932132,0.39797952628750366,1.284157997308256,0.10765737291873201,-0.01430222172108997,2026-01-01,14:09:00,Thursday,3,14,Normal
2026-01-01 14:10:00,65.02285211112132,5.055772856929448,0.274262261210323,-1.665918269849314,0.06509031099731555,-0.12371726507718067,2026-01-01,14:10:00,Thursday,3,14,Normal
2026-01-01 14:11:00,67.65792118087398,4.798421410075291,0.3914560535533026,2.63506906975266,-0.25735144685415623,0.11719379234297961,2026-01-01,14:11:00,Thursday,3,14,Normal
2026-01-01 14:12:00,66.71358796513306,5.144856535491246,0.37024275438178544,-0.9443332157409259,0.34643512541595456,-0.021213299171517153,2026-01-01,14:12:00,Thursday,3,14,Normal
2026-01-01 14:13:00,66.68364013378013,5.01260047366694,0.2697364376433716,-0.02994783135292778,-0.1322560618243056,-0.10050631673841387,2026-01-01,14:13:00,Thursday,3,14,Normal
2026-01-01 14:14:00,66.10823300264819,4.621610749337618,0.3487851308114592,-0.5754071311319393,-0.3909897243293221,0.0790486931680876,2026-01-01,14:14:00,Thursday,3,14,Normal
2026-01-01 14:15:00,69.65530620069217,4.608281711920593,0.3682267244516631,3.547073198043975,-0.013329037417024736,0.019441593640203925,2026-01-01,14:15:00,Thursday,3,14,Normal
2026-01-01 14:16:00,64.58967662226792,4.9975361414141375,0.37780376369115753,-5.06562957842425,0.38925442949354405,0.009577039239494434,2026-01-01,14:16:00,Thursday,3,14,Normal
2026-01-01 14:17:00,60.99295541586697,4.955806536442729,0.35886306834744275,-3.596721206400943,-0.04172960497140821,-0.018940695343714786,2026-01-01,14:17:00,Thursday,3,14,Normal
2026-01-01 14:18:00,68.20850872303429,4.979315977285073,0.36456157084236895,7.215553307167312,0.023509440842343743,0.005698502494926205,2026-01-01,14:18:00,Thursday,3,14,Normal
2026-01-01 14:19:00,64.08460113808636,4.994403508693956,0.42368056961265477,-4.123907584947929,0.015087531408883414,0.05911899877028581,2026-01-01,14:19:00,Thursday,3,14,Normal
2026-01-01 14:20:00,65.21576088868606,5.045111967902036,0.41130169549553397,1.131159750599707,0.05070845920807976,-0.012378874117120797,2026-01-01,14:20:00,Thursday,3,14,Normal
2026-01-01 14:21:00,67.61910136972105,5.18952992196966,0.2066472523108628,2.403340481034988,0.1444179540676238,-0.20465444318467116,2026-01-01,14:21:00,Thursday,3,14,Normal
2026-01-01 14:22:00,61.79548091788215,4.777779019816489,0.33412807225811586,-5.823620451838899,-0.41175090215317134,0.12748081994725305,2026-01-01,14:22:00,Thursday,3,14,Normal
2026-01-01 14:23:00,62.49670557178772,4.765605681419841,0.3417674486228024,0.7012246539055695,-0.01217333839664736,0.007639376364686534,2026-01-01,14:23:00,Thursday,3,14,Normal
2026-01-01 14:24:00,61.79744412576229,4.781335228422524,0.2623950713636514,-0.6992614460254316,0.015729547002682587,-0.07937237725915097,2026-01-01,14:24:00,Thursday,3,14,Normal
2026-01-01 14:25:00,63.41172741994915,5.057783333433742,0.3547091529116156,1.614283294186862,0.27644810501121775,0.09231408154796417,2026-01-01,14:25:00,Thursday,3,14,Normal
2026-01-01 14:26:00,65.879273212034,5.248989475729289,0.41243788862052533,2.4675457920848416,0.1912061422955471,0.05772873570890974,2026-01-01,14:26:00,Thursday,3,14,Normal
2026-01-01 14:27:00,66.04837568562554,4.913732112352098,0.29567160702047046,0.1691024735915505,-0.3352573633771909,-0.11676628160005487,2026-01-01,14:27:00,Thursday,3,14,Normal
2026-01-01 14:28:00,65.5525483586571,4.4996600311680695,0.3668200469344936,-0.49582732696843834,-0.4140720811840284,0.07114843991402314,2026-01-01,14:28:00,Thursday,3,14,Normal
2026-01-01 14:29:00,62.17446823221527,4.6592014274779245,0.3042088261351781,-3.378080126441837,0.1595413963098551,-0.06261122079931553,2026-01-01,14:29:00,Thursday,3,14,Normal
2026-01-01 14:30:00,60.37979312673471,4.8333926554407975,0.3164043988160161,-1.7946751054805574,0.174191227962873,0.01219557268083804,2026-01-01,14:30:00,Thursday,3,14,Normal
2026-01-01 14:31:00,65.10870717078076,4.888454222500957,0.42386968170850176,4.72891404404605,0.05506156706015908,0.10746528289248564,2026-01-01,14:31:00,Thursday,3,14,Normal
2026-01-01 14:32:00,64.05644793272333,4.9183222745490545,0.3228721089944087,-1.052259238057431,0.029868052048097837,-0.10099757271409304,2026-01-01,14:32:00,Thursday,3,14,Normal
2026-01-01 14:33:00,65.91877154343322,5.007716224596184,0.3731106244505312,1.8623236107098933,0.08939395004712924,0.05023851545612251,2026-01-01,14:33:00,Thursday,3,14,Normal
2026-01-01 14:34:00,66.40390725244254,4.93765073383551,0.2564390941969506,0.48513570900931313,-0.07006549076067348,-0.11667153025358062,2026-01-01,14:34:00,Thursday,3,14,Normal
2026-01-01 14:35:00,65.27648286411737,5.209867922108682,0.443115878069744,-1.1274243883251671,0.27221718827317165,0.1866767838727934,2026-01-01,14:35:00,Thursday,3,14,Normal
2026-01-01 14:36:00,66.52026617075171,4.864796538863726,0.3801326223153249,1.2437833066343416,-0.3450713832449557,-0.0629832557544191,2026-01-01,14:36:00,Thursday,3,14,Normal
2026-01-01 14:37:00,65.45842274823013,4.8275364081048915,0.34087500786748687,-1.0618434225215765,-0.03726013075883472,-0.03925761444783804,2026-01-01,14:37:00,Thursday,3,14,Normal
2026-01-01 14:38:00,66.06012941120294,5.0957751077040925,0.3787773254999947,0.6017066629728021,0.268238699599201,0.03790231763250784,2026-01-01,14:38:00,Thursday,3,14,Normal
2026-01-01 14:39:00,63.590653474260236,4.6928715860147765,0.27950902855260945,-2.4694759369427004,-0.402903521689316,-0.09926829694738526,2026-01-01,14:39:00,Thursday,3,14,Normal
2026-01-01 14:40:00,64.64077717233708,5.077938341064001,0.40912653708763286,1.0501236980768454,0.38506675504922416,0.1296175085350234,2026-01-01,14:40:00,Thursday,3,14,Danger
2026-01-01 14:41:00,65.5753703751321,5.035662151896769,0.34087146829588555,0.9345932027950141,-0.042276189167231415,-0.06825506879174731,2026-01-01,14:41:00,Thursday,3,14,Danger
2026-01-01 14:42:00,67.0046933144712,5.000814532319397,0.35393793838899235,1.4293229393391016,-0.03484761957737259,0.013066470093106797,2026-01-01,14:42:00,Thursday,3,14,Danger
2026-01-01 14:43:00,64.7579722010054,5.363109766884398,0.34662934046384697,-2.246721113465796,0.3622952345650017,-0.007308597925145377,2026-01-01,14:43:00,Thursday,3,14,Danger
2026-01-01 14:44:00,66.76960723873695,4.936164571547117,0.34925025814554905,2.0116350377315513,-0.42694519533728137,0.002620917681702084,2026-01-01,14:44:00,Thursday,3,14,Danger
2026-01-01 14:45:00,65.37741332526015,5.487817209862392,0.42008706593495576,-1.3921939134768024,0.5516526383152751,0.07083680778940671,2026-01-01,14:45:00,Thursday,3,14,Danger
2026-01-01 14:46:00,65.85582475625283,5.045822801063471,0.40521958492945354,0.47841143099267924,-0.44199440879892116,-0.014867481005502226,2026-01-01,14:46:00,Thursday,3,14,Danger
2026-01-01 14:47:00,67.93176535677541,4.850657317066561,0.43208235656510147,2.0759406005225856,-0.19516548399691036,0.02686277163564793,2026-01-01,14:47:00,Thursday,3,14,Danger
2026-01-01 14:48:00,62.46842471243714,5.135196037411086,0.40612592209137793,-5.463340644338274,0.28453872034452576,-0.025956434473723533,2026-01-01,14:48:00,Thursday,3,14,Danger
2026-01-01 14:49:00,64.04341898021411,4.9211145962998835,0.4392963541902226,1.5749942677769724,-0.21408144111120286,0.03317043209884468,2026-01-01,14:49:00,Thursday,3,14,Danger
2026-01-01 14:50:00,63.85381102329618,5.001163981952451,0.39976463351081876,-0.18960795691793209,0.08004938565256747,-0.03953172067940386,2026-01-01,14:50:00,Thursday,3,14,Danger
2026-01-01 14:51:00,62.33276776030339,5.246073326669765,0.5392643698482551,-1.5210432629927908,0.24490934471731407,0.13949973633743634,2026-01-01,14:51:00,Thursday,3,14,Danger
2026-01-01 14:52:00,65.82528930150784,5.292934599548206,0.3564519640269599,3.4925215412044466,0.04686127287844144,-0.1828124058212952,2026-01-01,14:52:00,Thursday,3,14,Danger
2026-01-01 14:53:00,68.86250416309184,5.072536156918845,0.5049660580973412,3.0372148615840047,-0.22039844262936104,0.1485140940703813,2026-01-01,14:53:00,Thursday,3,14,Danger
2026-01-01 14:54:00,66.9756864126894,5.409602241130492,0.5173852715259475,-1.886817750402443,0.33706608421164663,0.012419213428606302,2026-01-01,14:54:00,Thursday,3,14,Danger
2026-01-01 14:55:00,68.12285289115644,5.458774278876954,0.4134526657623263,1.1471664784670423,0.049172037746462394,-0.10393260576362118,2026-01-01,14:55:00,Thursday,3,14,Danger
2026-01-01 14:56:00,70.0875259025125,5.5296845937369,0.5745949936591117,1.964673011356055,0.0709103148599457,0.1611423278967854,2026-01-01,14:56:00,Thursday,3,14,Danger
2026-01-01 14:57:00,70.74628135544448,5.363458439000902,0.5199765343492861,0.6587554529319846,-0.16622615473599822,-0.05461845930982556,2026-01-01,14:57:00,Thursday,3,14,Danger
2026-01-01 14:58:00,68.134451403275,5.545413015144412,0.5258296776138729,-2.6118299521694865,0.18195457614350996,0.0058531432645867465,2026-01-01,14:58:00,Thursday,3,14,Danger
2026-01-01 14:59:00,71.16171723368424,4.911719102283977,0.4857445436947282,3.027265830409249,-0.6336939128604353,-0.0400851339191447,2026-01-01,14:59:00,Thursday,3,14,Danger
2026-01-01 15:00:00,68.82061695323186,5.2394489933046104,0.48055283350320754,-2.3411002804523804,0.3277298910206339,-0.005191710191520649,2026-01-01,15:00:00,Thursday,3,15,Danger
2026-01-01 15:01:00,67.14338537052689,5.144780766917133,0.48801440713286803,-1.6772315827049766,-0.09466822638747718,0.0074615736296604895,2026-01-01,15:01:00,Thursday,3,15,Danger
2026-01-01 15:02:00,67.81119929560253,5.357178505558811,0.5250820853715314,0.6678139250756487,0.21239773864167777,0.037067678238663415,2026-01-01,15:02:00,Thursday,3,15,Danger
2026-01-01 15:03:00,66.22074515668815,5.2341950046455015,0.5826855763779575,-1.5904541389143816,-0.12298350091330956,0.05760349100642603,2026-01-01,15:03:00,Thursday,3,15,Danger
2026-01-01 15:04:00,67.58736865616906,5.330404795246417,0.5287626805900406,1.3666234994809088,0.09620979060091539,-0.05392289578791687,2026-01-01,15:04:00,Thursday,3,15,Danger
2026-01-01 15:05:00,68.82942116930569,5.755222854828689,0.4811954956108122,1.2420525131366276,0.4248180595822717,-0.047567184979228405,2026-01-01,15:05:00,Thursday,3,15,Danger
2026-01-01 15:06:00,71.33444276602994,5.359995434655318,0.5750597369576328,2.505021596724248,-0.395227420173371,0.09386424134682059,2026-01-01,15:06:00,Thursday,3,15,Danger
2026-01-01 15:07:00,73.35063057142287,5.491849372528952,0.5869666282288305,2.0161878053929314,0.1318539378736343,0.011906891271197706,2026-01-01,15:07:00,Thursday,3,15,Danger
2026-01-01 15:08:00,67.32654606015501,5.377788558257577,0.5807127744021873,-6.0240845112678585,-0.11406081427137504,-0.00625385382664323,2026-01-01,15:08:00,Thursday,3,15,Danger
2026-01-01 15:09:00,71.0583822092471,5.454536596985307,0.5923254503767541,3.7318361490920893,0.07674803872772973,0.011612675974566833,2026-01-01,15:09:00,Thursday,3,15,Danger
2026-01-01 15:10:00,68.3734575762304,5.4557487906326685,0.5485748056133217,-2.6849246330167063,0.0012121936473619144,-0.04375064476343238,2026-01-01,15:10:00,Thursday,3,15,Danger
2026-01-01 15:11:00,71.58575781329004,5.559361782891601,0.5227424608353902,3.212300237059651,0.10361299225893283,-0.025832344777931504,2026-01-01,15:11:00,Thursday,3,15,Danger
2026-01-01 15:12:00,70.55600851680636,5.717909991957921,0.5328529547305872,-1.0297492964836863,0.1585482090663195,0.010110493895197026,2026-01-01,15:12:00,Thursday,3,15,Danger
2026-01-01 15:13:00,67.33818834830494,5.829478799520666,0.5015601709104404,-3.2178201685014187,0.11156880756274479,-0.031292783820146886,2026-01-01,15:13:00,Thursday,3,15,Danger
2026-01-01 15:14:00,73.03841216495516,5.577075531533348,0.6022514709813378,5.700223816650222,-0.2524032679873178,0.10069130007089744,2026-01-01,15:14:00,Thursday,3,15,Danger
2026-01-01 15:15:00,70.1536349380189,5.648212407510151,0.5933023083134177,-2.884777226936265,0.07113687597680318,-0.008949162667920119,2026-01-01,15:15:00,Thursday,3,15,Danger
2026-01-01 15:16:00,70.47765406870744,5.315281643617432,0.582546069318969,0.3240191306885407,-0.33293076389271903,-0.010756238994448664,2026-01-01,15:16:00,Thursday,3,15,Danger
2026-01-01 15:17:00,69.58776790469335,5.5430307121229365,0.46383522039890807,-0.8898861640140865,0.22774906850550458,-0.11871084892006095,2026-01-01,15:17:00,Thursday,3,15,Danger
2026-01-01 15:18:00,70.6005243557158,5.763815468734294,0.5563209952021602,1.0127564510224545,0.22078475661135766,0.0924857748032521,2026-01-01,15:18:00,Thursday,3,15,Danger
2026-01-01 15:19:00,72.94668997229893,5.764102818592521,0.681799608327734,2.3461656165831215,0.0002873498582269818,0.12547861312557385,2026-01-01,15:19:00,Thursday,3,15,Danger
2026-01-01 15:20:00,71.89423859085446,5.6483825526196165,0.5995969828251262,-1.0524513814444703,-0.11572026597290463,-0.08220262550260782,2026-01-01,15:20:00,Thursday,3,15,Danger
2026-01-01 15:21:00,73.11186945911041,5.798490913125711,0.6579285737818319,1.2176308682559522,0.15010836050609466,0.0583315909567057,2026-01-01,15:21:00,Thursday,3,15,Danger
2026-01-01 15:22:00,73.36020734422132,5.7345169781624,0.5774354254709342,0.2483378851109137,-0.06397393496331105,-0.08049314831089771,2026-01-01,15:22:00,Thursday,3,15,Danger
2026-01-01 15:23:00,75.45950512923815,5.891576403167016,0.7259756781583655,2.09929778501683,0.15705942500461578,0.14854025268743132,2026-01-01,15:23:00,Thursday,3,15,Danger
2026-01-01 15:24:00,72.31442769827125,5.724538498058089,0.6539097281083772,-3.145077430966907,-0.16703790510892702,-0.07206595004998828,2026-01-01,15:24:00,Thursday,3,15,Danger
2026-01-01 15:25:00,70.22810254812671,5.610678518703975,0.682683838005995,-2.086325150144532,-0.11385997935411396,0.02877410989761775,2026-01-01,15:25:00,Thursday,3,15,Danger
2026-01-01 15:26:00,75.49808119678032,5.764137948356302,0.7915415148466094,5.2699786486536055,0.15345942965232684,0.10885767684061443,2026-01-01,15:26:00,Thursday,3,15,Danger
2026-01-01 15:27:00,72.88247820126004,5.126002336950656,0.7581452373527025,-2.615602995520277,-0.6381356114056453,-0.033396277493906945,2026-01-01,15:27:00,Thursday,3,15,Danger
2026-01-01 15:28:00,75.95645761642749,5.803849874549737,0.6740656583295864,3.073979415167443,0.6778475375990807,-0.08407957902311602,2026-01-01,15:28:00,Thursday,3,15,Danger
2026-01-01 15:29:00,74.67584513545584,5.012741677381285,0.6668036372211285,-1.2806124809716408,-0.7911081971684517,-0.007262021108457972,2026-01-01,15:29:00,Thursday,3,15,Danger
2026-01-01 15:30:00,73.8286340305024,5.4128830760946745,0.687258102959377,-0.8472111049534448,0.40014139871338905,0.020454465738248495,2026-01-01,15:30:00,Thursday,3,15,Danger
2026-01-01 15:31:00,74.97027906081988,5.863080992915469,0.7361009730298873,1.141645030317477,0.4501979168207946,0.04884287007051036,2026-01-01,15:31:00,Thursday,3,15,Danger
2026-01-01 15:32:00,78.35657057479806,5.883384655332147,0.7124155609642241,3.386291513978179,0.020303662416678137,-0.023685412065663214,2026-01-01,15:32:00,Thursday,3,15,Danger
2026-01-01 15:33:00,78.79032469447115,5.570544547002316,0.7049852674973012,0.43375411967309674,-0.3128401083298309,-0.0074302934669229215,2026-01-01,15:33:00,Thursday,3,15,Danger
2026-01-01 15:34:00,74.95694408844737,5.6757614098060305,0.8051772443536338,-3.8333806060237805,0.10521686280371423,0.10019197685633263,2026-01-01,15:34:00,Thursday,3,15,Danger
2026-01-01 15:35:00,75.32038118663415,6.10744153105616,0.733178394299997,0.36343709818677894,0.4316801212501291,-0.07199885005363682,2026-01-01,15:35:00,Thursday,3,15,Danger
2026-01-01 15:36:00,77.33429849675096,5.751678822170313,0.8609390506114619,2.0139173101168097,-0.3557627088858464,0.12776065631146494,2026-01-01,15:36:00,Thursday,3,15,Danger
2026-01-01 15:37:00,73.67231429810167,6.31222042611696,0.7575674312179117,-3.661984198649293,0.5605416039466471,-0.10337161939355022,2026-01-01,15:37:00,Thursday,3,15,Danger
2026-01-01 15:38:00,76.21159529069105,5.87840390815261,0.8493669298122464,2.539280992589383,-0.4338165179643507,0.09179949859433467,2026-01-01,15:38:00,Thursday,3,15,Danger
2026-01-01 15:39:00,75.67554703136503,5.975546629315647,0.7850376883072485,-0.536048259326023,0.09714272116303757,-0.06432924150499786,2026-01-01,15:39:00,Thursday,3,15,Danger
2026-01-01 15:40:00,76.53690733200601,6.2324657887906305,0.8223904529048965,0.8613603006409818,0.25691915947498334,0.037352764597648025,2026-01-01,15:40:00,Thursday,3,15,Danger
2026-01-01 15:41:00,74.42417147901028,5.950447847481108,0.745082578737245,-2.1127358529957263,-0.2820179413095225,-0.0773078741676515,2026-01-01,15:41:00,Thursday,3,15,Danger
2026-01-01 15:42:00,73.09359228610933,5.738925143255779,0.7456958772544677,-1.3305791929009558,-0.21152270422532915,0.0006132985172226935,2026-01-01,15:42:00,Thursday,3,15,Danger
2026-01-01 15:43:00,72.30857858256287,5.932599964206597,0.8184398432052948,-0.7850137035464542,0.19367482095081812,0.0727439659508271,2026-01-01,15:43:00,Thursday,3,15,Danger
2026-01-01 15:44:00,74.40159541038442,5.962574822458952,0.8519529146485183,2.0930168278215433,0.029974858252354686,0.03351307144322346,2026-01-01,15:44:00,Thursday,3,15,Danger
2026-01-01 15:45:00,75.90083124830315,5.711900154408172,0.8116087846959827,1.4992358379187323,-0.2506746680507801,-0.04034412995253556,2026-01-01,15:45:00,Thursday,3,15,Danger
2026-01-01 15:46:00,76.41361682670248,5.948833585731835,0.7523469999124817,0.5127855783993311,0.2369334313236635,-0.05926178478350108,2026-01-01,15:46:00,Thursday,3,15,Danger
2026-01-01 15:47:00,81.05628050667723,5.8667130963520275,0.7557244554229073,4.642663679974746,-0.08212048937980754,0.0033774555104256754,2026-01-01,15:47:00,Thursday,3,15,Danger
2026-01-01 15:48:00,79.57562310345095,6.215174581740517,0.7594512606987687,-1.4806574032262745,0.34846148538848976,0.0037268052758613335,2026-01-01,15:48:00,Thursday,3,15,Danger
2026-01-01 15:49:00,75.62127231277128,6.0523769202915965,0.7494976822318188,-3.954350790679669,-0.16279766144892083,-0.009953578466949886,2026-01-01,15:49:00,Thursday,3,15,Danger
2026-01-01 15:50:00,78.42268963217465,6.004046910776546,0.8504237629218493,2.8014173194033702,-0.048330009515050065,0.1009260806900305,2026-01-01,15:50:00,Thursday,3,15,Danger
2026-01-01 15:51:00,77.09493443639026,6.054521189633061,0.9082723981056033,-1.3277551957843912,0.05047427885651423,0.05784863518375405,2026-01-01,15:51:00,Thursday,3,15,Danger
2026-01-01 15:52:00,77.5221814148289,6.135533494590324,0.8584201197446686,0.4272469784386459,0.0810123049572633,-0.049852278360934754,2026-01-01,15:52:00,Thursday,3,15,Danger
2026-01-01 15:53:00,78.64337857155803,6.229423445998562,0.7531408782947235,1.1211971567291243,0.0938899514082383,-0.10527924144994505,2026-01-01,15:53:00,Thursday,3,15,Danger
2026-01-01 15:54:00,79.69288768849624,5.921269675478245,0.8636943002155957,1.0495091169382107,-0.30815377052031767,0.11055342192087214,2026-01-01,15:54:00,Thursday,3,15,Danger
2026-01-01 15:55:00,77.95784666859561,5.928046109839382,0.8721630804713999,-1.7350410199006348,0.006776434361137618,0.00846878025580422,2026-01-01,15:55:00,Thursday,3,15,Danger
2026-01-01 15:56:00,80.94588488365054,6.372450994595657,0.9921736748850094,2.988038215054928,0.44440488475627493,0.1200105944136095,2026-01-01,15:56:00,Thursday,3,15,Danger
2026-01-01 15:57:00,76.7161235477152,6.084199292225721,0.8215875487984665,-4.229761335935336,-0.28825170236993625,-0.1705861260865429,2026-01-01,15:57:00,Thursday,3,15,Danger
2026-01-01 15:58:00,79.19449630654272,5.898449763298807,0.8819812713851918,2.4783727588275184,-0.1857495289269142,0.06039372258672526,2026-01-01,15:58:00,Thursday,3,15,Danger
2026-01-01 15:59:00,84.55898381682802,6.285732238846318,0.9938784926130867,5.364487510285301,0.3872824755475115,0.11189722122789492,2026-01-01,15:59:00,Thursday,3,15,Danger
2026-01-01 16:00:00,79.9916140307051,6.304795173327749,0.938155482723893,-4.567369786122924,0.019062934481430815,-0.05572300988919365,2026-01-01,16:00:00,Thursday,3,16,Danger
2026-01-01 16:01:00,82.59370174048507,5.921129675821386,0.9508929264030939,2.6020877097799797,-0.3836654975063629,0.012737443679200822,2026-01-01,16:01:00,Thursday,3,16,Danger
2026-01-01 16:02:00,80.09213126543732,6.2883205855169635,0.9355272016491736,-2.5015704750477568,0.36719090969557744,-0.015365724753920285,2026-01-01,16:02:00,Thursday,3,16,Danger
2026-01-01 16:03:00,81.25246328156868,6.4046923760614325,0.9533658638015501,1.1603320161313633,0.116371790544469,0.017838662152376505,2026-01-01,16:03:00,Thursday,3,16,Danger
2026-01-01 16:04:00,80.1591608839419,6.347604563068525,0.9828198704533206,-1.0933023976267862,-0.05708781299290777,0.02945400665177056,2026-01-01,16:04:00,Thursday,3,16,Danger
2026-01-01 16:05:00,80.11373029221704,6.414275084631067,0.9105357850654626,-0.045430591724851865,0.06667052156254272,-0.07228408538785802,2026-01-01,16:05:00,Thursday,3,16,Danger
2026-01-01 16:06:00,79.0773988429128,6.022176483412153,1.001983737026218,-1.0363314493042424,-0.3920986012189145,0.09144795196075528,2026-01-01,16:06:00,Thursday,3,16,Danger
2026-01-01 16:07:00,81.67878453609691,6.384389849181058,0.8965013643072381,2.6013856931841133,0.3622133657689046,-0.10548237271897976,2026-01-01,16:07:00,Thursday,3,16,Danger
2026-01-01 16:08:00,79.29692562162846,6.272809381439243,0.9886406208637991,-2.3818589144684523,-0.11158046774181418,0.09213925655656097,2026-01-01,16:08:00,Thursday,3,16,Danger
2026-01-01 16:09:00,82.51298865444504,6.251926816739919,0.9882299774572456,3.216063032816578,-0.020882564699324035,-0.0004106434065535014,2026-01-01,16:09:00,Thursday,3,16,Danger
2026-01-01 16:10:00,83.53421037252818,6.53774748552031,0.9555489819540309,1.0212217180831402,0.28582066878039036,-0.03268099550321468,2026-01-01,16:10:00,Thursday,3,16,Danger
2026-01-01 16:11:00,82.27851735992901,6.674642780922725,0.992300079668061,-1.255693012599167,0.1368952954024154,0.03675109771403007,2026-01-01,16:11:00,Thursday,3,16,Danger
2026-01-01 16:12:00,81.15477526016133,6.752813404859467,0.9693780428717729,-1.1237420997676821,0.07817062393674146,-0.022922036796288126,2026-01-01,16:12:00,Thursday,3,16,Danger
2026-01-01 16:13:00,82.8170220677083,6.67205248339209,0.9539906912326702,1.662246807546964,-0.08076092146737679,-0.015387351639102653,2026-01-01,16:13:00,Thursday,3,16,Danger
2026-01-01 16:14:00,81.47356297981626,6.402295587916388,0.9969657275657824,-1.343459087892029,-0.2697568954757017,0.04297503633311217,2026-01-01,16:14:00,Thursday,3,16,Danger
2026-01-01 16:15:00,84.14382152365758,6.509937971999208,0.9665177399485886,2.670258543841314,0.10764238408282001,-0.030447987617193806,2026-01-01,16:15:00,Thursday,3,16,Danger
2026-01-01 16:16:00,78.7917332861152,6.607910028902303,1.044927751992541,-5.352088237542375,0.09797205690309507,0.07841001204395248,2026-01-01,16:16:00,Thursday,3,16,Danger
2026-01-01 16:17:00,81.96514890012635,6.493932559556862,0.9783543111509676,3.173415614011148,-0.11397746934544095,-0.06657344084157346,2026-01-01,16:17:00,Thursday,3,16,Danger
2026-01-01 16:18:00,78.83655782793383,6.511001322430793,1.0785281440788455,-3.1285910721925205,0.01706876287393122,0.10017383292787785,2026-01-01,16:18:00,Thursday,3,16,Danger
2026-01-01 16:19:00,80.0098783395456,6.664750626375237,0.990926046603559,1.173320511611763,0.1537493039444433,-0.08760209747528647,2026-01-01,16:19:00,Thursday,3,16,Danger
